Workbook

Sheet İŞLETME KAYIT NO
B1: ALINMA TARİHİ | C1: TEDARİK | D1: ÜRÜN | E1: MENŞEİ | F1: T.E.T.T./S.K.T. | G1: İŞLETME KAYIT NO | H1: FİRMA ADI | I1: ADRESİ
B2: 45950 | C2: TÜDAB | D2: MEBRUM HURMA (MEDİNE HURMA DUBLE) | E2: SUUDİ ARABİSTAN | F2: 45837 | G2: TR-34-K-144663 | H2: ANADOLU KURUYEMİŞ VE GIDA PAZ. LTD. | I2: MAHMUTBEY MH. İSTOÇ 22. YOL 21. ADA NO:2 BAĞCILAR/İSTANBUL
B3: 45950 | C3: TÜDAB | D3: MEDJOOL HURMA - (KUDÜS HURMASI JUMBO) | E3: ? | F3: ? | H3: SOUTHERNCROSS | I3: GÜNEY AFRİKA
B4: 45950 | C4: TÜDAB | D4: KAVRULMUŞ BADEM | E4: ? | F4: ? | G4: TÜDAB?
B5: 45950 | C5: TÜDAB | D5: FINDIK İÇİ KAVRULMUŞ (FINDIK BULANCAK) | E5: TÜRKİYE | F5: 46646 | G5: TR-34-K-138502 | H5: TÜDAB GIDA SAN.TİC. A.Ş. | I5: İSTOÇ TİCARET MRK. 19 . ADA NO:108-114 BAĞCILAR İSTANBUL
B6: 45950 | C6: TÜDAB | D6: LEBLEBİ ŞEKERİ | E6: TÜRKİYE | F6: 46115 | G6: TR-20-K-021980 | H6: GENÇ KURUYEMİŞ LTD. ŞİT. | I6: AŞAĞI MH. 3007 SK. 7. BLOK NO:2-8 C SERİNHİSAR - DENİZLİ
B7: 45950 | C7: TÜDAB | D7: SARI LEBLEBİ | E7: TÜRKİYE | F7: 46274 | G7: TR-43-K-011401 | H7: KORKMAZLAR GIDA VE TAŞIMACILIK A.Ş. | I7: ÇUKURKÖY MAH. LEBLEBİCİLER SANAYİ KÜME EVLERİ NO:2 TAVŞANLI- KÜTAHYA
B8: 45950 | C8: TÜDAB | D8: KURU ÜZÜM | E8: TÜRKİYE | F8: 46266 | G8: TR-45-K-021984 | H8: UFUK ŞENGÜN TARIM ÜRÜNLERİ İÇ VE DIŞ TİC. SANAYİ LTD | I8: Koldere Mahallesi Cengiz Ergün Cd, A Blok Sk. No:4/1, Saruhanlı/Manisa
B9: 45950 | C9: TÜDAB | D9: ÇITIR LEBLEBİ | E9: TÜRKİYE | F9: 46260 | G9: TR-20-K-002161 | H9: GENÇ KURUYEMİŞ LTD. ŞİT. | I9: AŞAĞI MH. 3007 SK. 7. BLOK NO:2-8 C SERİNHİSAR - DENİZLİ
B10: 45950 | C10: TÜDAB | D10: BADEM | E10: TÜRKİYE | F10: 46099 | G10: TR-34-K-014403 | H10: ÇAMDALI KURUYEMİŞ | I10: MERKEZ MH. YEŞİL ZÜMRÜT SK. NO:27 G.O. PAŞA/İSTANBUL
B11: 45950 | C11: TÜDAB | D11: KAVRULMUŞ KABUKLU ANTEP FISTIK | E11: TÜRKİYE | F11: 46266 | G11: TR-27-K-005728 | H11: DEMKAR NUTS GIDA LTD. ŞTİ. | I11: Burak Mah. 0617 Nolu Cad. No:24 Şehitkamil/Gaziantep
B12: 45950 | C12: TÜDAB | D12: DERME KURU KAYISI - JUMBO | E12: TÜRKİYE | F12: 46268 | G12: TR-44-K-000490 | H12: BİRDEM GIDA SAN. TİC. A.Ş. | I12: 1. OSB MAH. 13. CAD. NO:8 YEŞİLYURT/MALATYA
B13: 45950 | C13: TÜDAB | D13: KURU İNCİR | E13: TÜRKİYE | F13: 46266 | G13: ? | H13: NBN 2,5 KG İNCİR ? | I13: ?
B14: 45950 | C14: TÜDAB | D14: DAĞ İNCİRİ | F14: 46266 | G14: TR-09-K-030024 | H14: KUDA ORGANİK | I14: MESUDİYE MAHALLESİ ATATÜRK CD. NO:90 GERMENCİK / AYDIN
B15: 45950 | C15: TÜDAB | D15: HİMALAYA TUZU | E15: ? | F15: ? | G15: TR34-K-138502 | H15: TÜDAB GIDA SAN.TİC. A.Ş. | I15: İSTOÇ TİCARET MRK. 19 . ADA NO:108-114 BAĞCILAR İSTANBUL
B16: 45950 | C16: TÜDAB | D16: PAPATYA | E16: TÜRKİYE | F16: 46589 | G16: TR-34-K-138502 | H16: TÜDAB GIDA SAN.TİC. A.Ş. | I16: İSTOÇ TİCARET MRK. 19 . ADA NO:108-114 BAĞCILAR İSTANBUL
B17: 45950 | C17: TÜDAB | D17: KARANFİL | E17: ENDONEZYA | F17: 46667 | G17: TR-34-K-138502 | H17: TÜDAB GIDA SAN.TİC. A.Ş. | I17: İSTOÇ TİCARET MRK. 19 . ADA NO:108-114 BAĞCILAR İSTANBUL
B18: 45961 | C18: TÜDAB | D18: TOZ BİBER - TATLI | E18: TÜRKİYE | F18: 46689 | G18: TR-27-K-001589 | H18: YALÇINKAYA BİBER BAHARAT LTD. | I18: ERENLER MAH. GAZİANTEP BULVARI NO:125 İSLAHİYE / GAZİANTEP
B19: 45950 | C19: TÜDAB | D19: FINDIK İÇİ ÇİĞ | E19: TÜRKİYE | F19: 46540 | G19: TR-34-K-138502 | H19: TÜDAB GIDA SAN.TİC. A.Ş. | I19: İSTOÇ TİCARET MRK. 19 . ADA NO:108-114 BAĞCILAR İSTANBUL
B20: 45966 | C20: TÜDAB | D20: TÜDAB TURŞU 4.500 GR | E20: TÜRKİYE | F20: 46661 | G20: TR-34-K-138502 | H20: TÜDAB GIDA SAN.TİC. A.Ş. | I20: İSTOÇ TİCARET MRK. 19 . ADA NO:108-114 BAĞCILAR İSTANBUL
B21: 45973 | C21: TÜDAB | D21: LEBLEBİ ŞEKERİ - REKLİ | E21: TÜRKİYE | F21: 46211 | G21: TR-20-K-021980 | H21: GENÇ KURUYEMİŞ LTD. ŞİT. | I21: AŞAĞI MH. 3007 SK. 7. BLOK NO:2-8 C SERİNHİSAR - DENİZLİ
B22: 45973 | C22: TÜDAB | D22: KABAK ÇEKİRDEĞİ - NEVŞEHİR | E22: TÜRKİYE | F22: 46045 | G22: TR-34-K-138502 | H22: TÜDAB GIDA SAN.TİC. A.Ş. | I22: İSTOÇ TİCARET MRK. 19 . ADA NO:108-114 BAĞCILAR İSTANBUL
B23: 45973 | C23: TÜDAB | D23: CEVİZLİ SUCUK ATOM (ESMER) | E23: TÜRKİYE | F23: 46116 | G23: TR-46-K-015522 | H23: SAVAŞ ABAKAY GIDA LTD. | I23: KARACASU KARAZİYARET MAH. 81004. SK. NO:10/B DULKADİROĞLU/K.MARAŞ
B24: 45973 | C24: TÜDAB | D24: TUZSUZ FISTIK 1 NO | E24: TÜRKİYE | F24: 46207 | G24: TR-34-K-135574 | H24: ER SA GIDA KURUYEMİŞ | I24: İKİTELLİ OSB SEFAKÖY SAN. SİT. 16. BLOK NOç15/16 BAŞAKŞEHİR/İSTANBUL
B25: 45973 | C25: TÜDAB | D25: TUZLU FISTIK DUBLE | E25: TÜRKİYE | F25: 46302 | G25: TR-34-K-135574 | H25: ER SA GIDA KURUYEMİŞ | I25: İKİTELLİ OSB SEFAKÖY SAN. SİT. 16. BLOK NOç15/16 BAŞAKŞEHİR/İSTANBUL
B26: 45971 | C26: TÜDAB | D26: GENÇLEBİ ÇAKILTAŞI DRAJE | E26: TÜRKİYE | F26: 46256 | G26: TR-20-K-001833 | H26: GENÇ KURUYEMİŞ LTD. ŞİT. | I26: AŞAĞI MH. 3007 SK. 7. BLOK NO:2-8 C SERİNHİSAR - DENİZLİ
B27: 45971 | C27: TÜDAB | D27: KAJU 240 LIK EKSTRA | E27: TÜRKİYE | F27: 46126 | G27: TR-34-K-089145 | H27: MNA NUT KURUYEMİŞÇİLİK LTD. | I27: KOCATEPE MAH. MEGA CENTER GIDA SİTESİ C-7 BLOK NO:57 BAYRAMPAŞA / İST
... B29: 45950 | C29: TÜDAB | D29: BİBERİYE | E29: TÜRKİYE | F29: 46559 | G29: TR-34-K-138502 | H29: TÜDAB GIDA SAN.TİC. A.Ş. | I29: İSTOÇ TİCARET MRK. 19 . ADA NO:108-114 BAĞCILAR İSTANBUL
B30: 45950 | C30: TÜDAB | D30: AÇLIK OTU | E30: TÜRKİYE | F30: ? | G30: ? | H30: ? | I30: ?
B31: 45971 | C31: TÜDAB | D31: YEŞİL ÇAY YAPRAK | E31: ÇİN | F31: 46631 | G31: TR-34-K-138502 | H31: TÜDAB GIDA SAN.TİC. A.Ş. | I31: İSTOÇ TİCARET MRK. 19 . ADA NO:108-114 BAĞCILAR İSTANBUL
B32: 45950 | C32: TÜDAB | D32: HAYIT TOHUMU | E32: TÜRKİYE | F32: 46645 | G32: TR-34-K-138502 | H32: TÜDAB GIDA SAN.TİC. A.Ş. | I32: İSTOÇ TİCARET MRK. 19 . ADA NO:108-114 BAĞCILAR İSTANBUL
B33: 45978 | C33: TÜDAB | D33: KUŞBURNU - KIRMIZI | E33: TÜRKİYE | F33: 46692 | G33: TR-34-K-138502 | H33: TÜDAB GIDA SAN.TİC. A.Ş. | I33: İSTOÇ TİCARET MRK. 19 . ADA NO:108-114 BAĞCILAR İSTANBUL
B34: 45950 | C34: TÜDAB | D34: ASLAN PENÇESİ | E34: TÜRKİYE | F34: 46114 | G34: TR-34-K-138502 | H34: TÜDAB GIDA SAN.TİC. A.Ş. | I34: İSTOÇ TİCARET MRK. 19 . ADA NO:108-114 BAĞCILAR İSTANBUL
B35: 45950 | C35: TÜDAB | D35: LİMON MELİSA | E35: SURİYE | F35: 46523 | G35: TR-34-K-138502 | H35: TÜDAB GIDA SAN.TİC. A.Ş. | I35: İSTOÇ TİCARET MRK. 19 . ADA NO:108-114 BAĞCILAR İSTANBUL
B36: 45950 | C36: TÜDAB | D36: KIRKLİLİT OTU | E36: TÜRKİYE | F36: 46657 | G36: TR-34-K-138502 | H36: TÜDAB GIDA SAN.TİC. A.Ş. | I36: İSTOÇ TİCARET MRK. 19 . ADA NO:108-114 BAĞCILAR İSTANBUL
B37: 45950 | C37: TÜDAB | D37: ZEYTİN YAPĞRAĞI | E37: ? | F37: ? | G37: TR-34-K-138502 | H37: TÜDAB GIDA SAN.TİC. A.Ş. | I37: İSTOÇ TİCARET MRK. 19 . ADA NO:108-114 BAĞCILAR İSTANBUL
B38: 45950 | C38: TÜDAB | D38: ADAÇAYI SIYIRMA | E38: ? | F38: ? | G38: TR-34-K-138502 | H38: TÜDAB GIDA SAN.TİC. A.Ş. | I38: İSTOÇ TİCARET MRK. 19 . ADA NO:108-114 BAĞCILAR İSTANBUL
B39: 45950 | C39: TÜDAB | D39: KİRAZ SAPI | E39: ? | F39: ? | G39: TR-34-K-138502 | H39: TÜDAB GIDA SAN.TİC. A.Ş. | I39: İSTOÇ TİCARET MRK. 19 . ADA NO:108-114 BAĞCILAR İSTANBUL
B40: 45989 | C40: TÜDAB | D40: KÖFTELİK BULGUR | E40: TÜRKİYE | F40: 46354 | G40: TR-34-K-138502 | H40: TÜDAB GIDA SAN.TİC. A.Ş. | I40: İSTOÇ TİCARET MRK. 19 . ADA NO:108-114 BAĞCILAR İSTANBUL
B41: 45990 | C41: TÜDAB | D41: BİLAVLIK BULGUR | E41: TÜRKİYE | F41: 46354 | G41: TR-34-K-138502 | H41: TÜDAB GIDA SAN.TİC. A.Ş. | I41: İSTOÇ TİCARET MRK. 19 . ADA NO:108-114 BAĞCILAR İSTANBUL
B42: 45985 | C42: TÜDAB | D42: MISIR UNU | E42: TÜRKİYE | F42: 46350 | G42: TR-34-K-138502 | H42: TÜDAB GIDA SAN.TİC. A.Ş. | I42: İSTOÇ TİCARET MRK. 19 . ADA NO:108-114 BAĞCILAR İSTANBUL
C43: TÜDAB | D43: KARABAŞ OTU | E43: TÜRKİYE | F43: 46488 | G43: TR-34-K-138502 | H43: TÜDAB GIDA SAN.TİC. A.Ş. | I43: İSTOÇ TİCARET MRK. 19 . ADA NO:108-114 BAĞCILAR İSTANBUL
C44: TÜDAB | D44: ALTIN OTU SIYIRMA | E44: TÜRKİYE | F44: 46607 | G44: TR-34-K-138502 | H44: TÜDAB GIDA SAN.TİC. A.Ş. | I44: İSTOÇ TİCARET MRK. 19 . ADA NO:108-114 BAĞCILAR İSTANBUL
D45: REZENE | E45: TÜRKİYE | F45: 46659 | G45: TR-34-K-138502 | H45: TÜDAB GIDA SAN.TİC. A.Ş. | I45: İSTOÇ TİCARET MRK. 19 . ADA NO:108-114 BAĞCILAR İSTANBUL
C58: SERBEND HURMA | D58: MEDJOOL HURMASI - KUDÜS HURMASI | E58: ÜRDÜN | F58: 46661 | H58: SIMA DATES GIDA ITHALAT LTD. | I58: KOCATEPE MH. MEGA CENTER YAĞ İSKELESİ CD. C 40 BLOK 7C/401 BAYRAMPAŞA/İST
C59: SERBEND HURMA | D59: İNCİR KÜÇÜK | E59: TÜRKİYE | F59: 46305 | G59: TR-09-K-035853 | H59: EGE İNCİ TARIM GIDA LTD. | I59: YENİ SANAYİ MAH. 517. SK. BLOK NO:18 NAZİLLİ/AYDIN
B60: 45946 | C60: GE MA | D60: KİNOA | E60: HİNDİSTAN
B61: 45946 | C61: GE MA | D61: CHİA TOHUMU | E61: PERU | F61: 46562 | G61: TR-09-K-000338 | H61: GE MA GIDA TİCARET LTD - BAHARATEVİM (AMBALAJ: GÜN GIDA LTD.) | I61: NAZİLLİ/AYDIN
B62: 45995 | C62: GE MA | D62: BAMYA TOHUMU | E62: TÜRKİYE | F62: 46649 | G62: TR-09-K-000338 | H62: GE MA GIDA TİCARET LTD - BAHARATEVİM (AMBALAJ: GÜN GIDA LTD.) | I62: NAZİLLİ/AYDIN
B63: 45995 | C63: GE MA | D63: KETEN TOHUMU | E63: TÜRKİYE | F63: 46694 | G63: TR-09-K-000338 | H63: GE MA GIDA TİCARET LTD - BAHARATEVİM (AMBALAJ: GÜN GIDA LTD.) | I63: NAZİLLİ/AYDIN
B67: 45931 | C67: ANTEP | D67: SUSAM SOYULMUŞ | E67: NİJERYA | F67: 46270 | G67: TR-27-K-004229 | H67: YALÇINTAT GIDA SAN. LTD. | I67: GATEM TOPTANCILAR SİTESİ MAVİ ADA 3. BLOK NO:1 ŞEHİTKAMİL/GAZİANTEP
B68: 45931 | C68: ANTEP | D68: HİNDİSTAN CEVİZİ İRİ | E68: ENDONEZYA | F68: 46270 | G68: TR-27-K-004229 | H68: YALÇINTAT GIDA SAN. LTD. | I68: GATEM TOPTANCILAR SİTESİ MAVİ ADA 3. BLOK NO:1 ŞEHİTKAMİL/GAZİANTEP
B69: 45931 | C69: ANTEP | D69: STRİK ASİT (LİMON TUZU İNCE) | E69: TÜRKİYE | F69: 46631 | G69: TR-01-K-030114 | H69: TEKZİM TARIMSAL KİMYA A.Ş. | I69: HACI SABANCI ORG. SAN. BÖL. İSTİKLAL CD. NO:20 SARIÇAM/ADANA
B70: 45931 | C70: ANTEP | D70: ÇUBUK TARÇIN | E70: VİETNAM | F70: 46270 | G70: TR-27-K-004229 | H70: YALÇINTAT GIDA SAN. LTD. | I70: GATEM TOPTANCILAR SİTESİ MAVİ ADA 3. BLOK NO:1 ŞEHİTKAMİL/GAZİANTEP
B71: 45931 | C71: ANTEP | D71: TOZ TARÇIN | E71: VİETNAM | F71: 46270 | G71: TR-27-K-004229 | H71: YALÇINTAT GIDA SAN. LTD. | I71: GATEM TOPTANCILAR SİTESİ MAVİ ADA 3. BLOK NO:1 ŞEHİTKAMİL/GAZİANTEP
B72: 45931 | C72: ANTEP | D72: MOR REYHAN | E72: TÜRKİYE | F72: 46270 | G72: TR-27-K-004229 | H72: YALÇINTAT GIDA SAN. LTD. | I72: GATEM TOPTANCILAR SİTESİ MAVİ ADA 3. BLOK NO:1 ŞEHİTKAMİL/GAZİANTEP
B73: 45931 | C73: ANTEP | D73: HİBİSKÜS | E73: NİJERYA | F73: 46270 | G73: TR-27-K-004229 | H73: YALÇINTAT GIDA SAN. LTD. | I73: GATEM TOPTANCILAR SİTESİ MAVİ ADA 3. BLOK NO:1 ŞEHİTKAMİL/GAZİANTEP
B74: 45931 | C74: ANTEP | D74: ZENCEFİL TANE | E74: ÇİN | F74: 46270 | G74: TR-27-K-004229 | H74: YALÇINTAT GIDA SAN. LTD. | I74: GATEM TOPTANCILAR SİTESİ MAVİ ADA 3. BLOK NO:1 ŞEHİTKAMİL/GAZİANTEP
B75: 45931 | C75: ANTEP | D75: HAS EVLİK PUL BİBER | E75: TÜRKİYE | F75: 46235 | G75: TR-79-K-000888 | H75: HERBİTAT BAHARAT | I75: HASANCELİ KÖYÜ NO:192 MUSABEYLİ/KİLİS
... B79: 45931 | C79: ANTEP | D79: KIRMIZI SUSAM | E79: SUDAN | F79: 46270 | G79: TR-27-K-004229 | H79: YALÇINTAT GIDA SAN. LTD. | I79: GATEM TOPTANCILAR SİTESİ MAVİ ADA 3. BLOK NO:1 ŞEHİTKAMİL/GAZİANTEP
B80: 45931 | C80: ANTEP | D80: KEKİK LÜX | E80: TÜRKİYE | F80: 46614 | G80: TR-20-K-010756
B81: 45931 | C81: ANTEP | D81: SUMAK | E81: TÜRKİYE | F81: 46302 | G81: TR-27-K-004229 | H81: YALÇINTAT GIDA SAN. LTD. | I81: GATEM TOPTANCILAR SİTESİ MAVİ ADA 3. BLOK NO:1 ŞEHİTKAMİL/GAZİANTEP
B82: 45931 | C82: ANTEP | D82: KÖRİ | E82: HİNDİSTAN | F82: 46270 | G82: TR-27-K-004229 | H82: YALÇINTAT GIDA SAN. LTD. | I82: GATEM TOPTANCILAR SİTESİ MAVİ ADA 3. BLOK NO:1 ŞEHİTKAMİL/GAZİANTEP
B83: 45931 | C83: ANTEP | D83: ZERDEÇAL TOZ | E83: HİNDİSTAN | F83: 46270 | G83: TR-27-K-004229 | H83: YALÇINTAT GIDA SAN. LTD. | I83: GATEM TOPTANCILAR SİTESİ MAVİ ADA 3. BLOK NO:1 ŞEHİTKAMİL/GAZİANTEP
B84: 45931 | C84: ANTEP | D84: KÖFTE BAHARATI | E84: TÜRKİYE | F84: 46270 | G84: TR-27-K-004229 | H84: YALÇINTAT GIDA SAN. LTD. | I84: GATEM TOPTANCILAR SİTESİ MAVİ ADA 3. BLOK NO:1 ŞEHİTKAMİL/GAZİANTEP
B85: 45931 | C85: ANTEP | D85: KİMYON | E85: TÜRKİYE | F85: 46270 | G85: TR-27-K-004229 | H85: YALÇINTAT GIDA SAN. LTD. | I85: GATEM TOPTANCILAR SİTESİ MAVİ ADA 3. BLOK NO:1 ŞEHİTKAMİL/GAZİANTEP
B86: 45931 | C86: ANTEP | D86: İSOT | E86: TÜRKİYE | F86: 46235 | G86: TR-79-K-000888 | H86: HERBİTAT BAHARAT | I86: HASANCELİ KÖYÜ NO:192 MUSABEYLİ/KİLİS
B87: 45931 | C87: ANTEP | D87: ACI TOZ BİBER | E87: TÜRKİYE | F87: 46235 | G87: TR-79-K-000888 | H87: HERBİTAT BAHARAT | I87: HASANCELİ KÖYÜ NO:192 MUSABEYLİ/KİLİS
B88: 45931 | C88: ANTEP | D88: ZENCEFİL TOZ | E88: ÇİN | F88: 46270 | G88: TR-27-K-004229 | H88: YALÇINTAT GIDA SAN. LTD. | I88: GATEM TOPTANCILAR SİTESİ MAVİ ADA 3. BLOK NO:1 ŞEHİTKAMİL/GAZİANTEP
B89: 45931 | C89: ANTEP | D89: ÇÖREK OTU | E89: SURİYE | F89: 46966 | G89: TR-27-K-004229 | H89: YALÇINTAT GIDA SAN. LTD. | I89: GATEM TOPTANCILAR SİTESİ MAVİ ADA 3. BLOK NO:1 ŞEHİTKAMİL/GAZİANTEP
B90: 45931 | C90: ANTEP | D90: KARABİBER | E90: VİETNAM | F90: 46270 | G90: TR-27-K-004229 | H90: YALÇINTAT GIDA SAN. LTD. | I90: GATEM TOPTANCILAR SİTESİ MAVİ ADA 3. BLOK NO:1 ŞEHİTKAMİL/GAZİANTEP
B91: 45931 | C91: ANTEP | D91: NANE | E91: TÜRKİYE | F91: 46304 | G91: TR-27-K-004229 | H91: YALÇINTAT GIDA SAN. LTD. | I91: GATEM TOPTANCILAR SİTESİ MAVİ ADA 3. BLOK NO:1 ŞEHİTKAMİL/GAZİANTEP
B92: 45931 | C92: ANTEP | D92: LİMONTUZU PARÇA | E92: TÜRKİYE | F92: 46388 | G92: TR-01-K-01-0689 | H92: ASLAN YAĞ GIDA LTD.ŞTİ | I92: SARIHAMZALI MH. 47007 SK. NO : 48/A SEYHAN / ADANA
B93: 45931 | C93: ANTEP | D93: SÜTTOZU | E93: POLONYA? | F93: 46536 | H93: ŞMS KOPUZ GIDA A.Ş. | I93: SARAY MH. AKGÜL SK. NO:1/22 ÜMRANİYE/İSTANBUL
B94: 45931 | C94: ANTEP | D94: HASPİR | E94: İRAN | F94: 46270 | G94: TR-27-K-004229 | H94: YALÇINTAT GIDA SAN. LTD. | I94: GATEM TOPTANCILAR SİTESİ MAVİ ADA 3. BLOK NO:1 ŞEHİTKAMİL/GAZİANTEP
B95: 45931 | C95: ANTEP | D95: ZAHTER | E95: TÜRKİYE | F95: 46270 | G95: TR-27-K-004229 | H95: YALÇINTAT GIDA SAN. LTD. | I95: GATEM TOPTANCILAR SİTESİ MAVİ ADA 3. BLOK NO:1 ŞEHİTKAMİL/GAZİANTEP
B96: 45931 | C96: ANTEP | D96: ÇAM FISTIĞI | E96: TÜRKİYE | F96: 46270 | G96: TR-27-K-004229 | H96: YALÇINTAT GIDA SAN. LTD. | I96: GATEM TOPTANCILAR SİTESİ MAVİ ADA 3. BLOK NO:1 ŞEHİTKAMİL/GAZİANTEP
B97: 45931 | C97: ANTEP | D97: YENİBAHAR | E97: MEKSİKA | F97: 46270 | G97: TR-27-K-004229 | H97: YALÇINTAT GIDA SAN. LTD. | I97: GATEM TOPTANCILAR SİTESİ MAVİ ADA 3. BLOK NO:1 ŞEHİTKAMİL/GAZİANTEP

Sheet CARİ KARTLARI
A1: K.KODU | B1: İSMİ
B2: TÜDAB A.Ş.
B3: YALÇINTAT BAHARAT GIDA LTD.
B4: HARUN ADANA
B5: MEHMET DAŞDEMİR - K.K.
B6: GENÇAY BAHARAT - İSMAİL MAHMUT GENÇAY
B7: TFK-POS
B8: MUHTELİF MÜŞTERİ
B9: GE-MA GIDA TİCARET LTD.ŞTİ.
B10: SERBEND HURMA
B11: ORHAN ABLAK HOCA
B12: EL-RUHA ÇAY
B13: SERMAYE
... B31: ERASLAN LAHMACUN PİDE

Sheet HİZMET KARTLARI
A1: K.KODU | B1: CİNSİ
B2: TEMİZLİK GİDERLERİ
B3: MUTFAK GİDERLERİ
B4: BİNA BAKIM ONARIM
B5: DEMİRBAŞ
B6: YOL GİDERLERİ
B7: KİRA GİDERLERİ
B8: DEPOZİTO GİDERLERİ
B9: DIŞARIDAN SAĞLANAN FAYDA VE HİZMETLER
B10: GİDER SAYILAN DEMİRBAŞ
B11: AMBALAJ GİDERLERİ
B12: MUHASEBE GİDERLERİ
B13: İSKONTO GİDERLERİ
... B21: FİRE GİDERLERİ

Sheet STOK KARTLARI
A1: S.KODU | B1: SATIŞ TÜRÜ | C1: CİNSİ | D1: MİKTAR | E1: BİRİM | F1: FİYAT | G1: TUTAR | H1: Sütun2 | I1: SATIŞ FİYATI | J1: YUVARLAMA | K1: firma | L1: FARK | M1: YUVARLAMA
A2: BAHARAT | B2: KİLO | C2: KARABİBER ÇEKİLMİŞ | D2: 25 | E2: KG | F2: 320 | G2: 8000 | H2: 2 | I2: =Table001__Page_15[[#This Row],[FİYAT]]*Table001__Page_15[[#This Row],[Sütun2]] -> 640 | J2: 650 | K2: antep | L2: =Table001__Page_15[[#This Row],[SATIŞ FİYATI]]-Table001__Page_15[[#This Row],[YUVARLAMA]] -> -10 | M2: 650 | N2: =M2-Table001__Page_15[[#This Row],[YUVARLAMA]] -> 0
A3: BAHARAT | B3: KİLO | C3: KİMYON ÇEKİLMİŞ | D3: 25 | E3: KG | F3: 170 | G3: 4250 | H3: 2.4 | I3: =Table001__Page_15[[#This Row],[FİYAT]]*Table001__Page_15[[#This Row],[Sütun2]] -> 408 | J3: 400 | K3: antep | L3: =Table001__Page_15[[#This Row],[SATIŞ FİYATI]]-Table001__Page_15[[#This Row],[YUVARLAMA]] -> 8 | M3: 400 | N3: =M3-Table001__Page_15[[#This Row],[YUVARLAMA]] -> 0
A4: BAHARAT | B4: KİLO | C4: KÖFTE BAHARATI (YEDİTÜRLÜ) | D4: 10 | E4: KG | F4: 180 | G4: 1800 | H4: 2.3 | I4: =Table001__Page_15[[#This Row],[FİYAT]]*Table001__Page_15[[#This Row],[Sütun2]] -> 414 | J4: 450 | K4: antep | L4: =Table001__Page_15[[#This Row],[SATIŞ FİYATI]]-Table001__Page_15[[#This Row],[YUVARLAMA]] -> -36 | M4: 450 | N4: =M4-Table001__Page_15[[#This Row],[YUVARLAMA]] -> 0
A5: BAHARAT | B5: KİLO | C5: NANE İRİ | D5: 25 | E5: KG | F5: 125 | G5: 3125 | H5: 3.2 | I5: =Table001__Page_15[[#This Row],[FİYAT]]*Table001__Page_15[[#This Row],[Sütun2]] -> 400 | J5: 400 | K5: antep | L5: =Table001__Page_15[[#This Row],[SATIŞ FİYATI]]-Table001__Page_15[[#This Row],[YUVARLAMA]] -> 0 | M5: 400 | N5: =M5-Table001__Page_15[[#This Row],[YUVARLAMA]] -> 0
A6: BAHARAT | B6: KİLO | C6: SUMAK | D6: 25 | E6: KG | F6: 200 | G6: 5000 | H6: 2.5 | I6: =Table001__Page_15[[#This Row],[FİYAT]]*Table001__Page_15[[#This Row],[Sütun2]] -> 500 | J6: 500 | K6: antep | L6: =Table001__Page_15[[#This Row],[SATIŞ FİYATI]]-Table001__Page_15[[#This Row],[YUVARLAMA]] -> 0 | M6: 500 | N6: =M6-Table001__Page_15[[#This Row],[YUVARLAMA]] -> 0
A7: BAHARAT | B7: KİLO | C7: KEKİK LÜX | D7: 10 | E7: KG | F7: 420 | G7: 4200 | H7: 2 | I7: =Table001__Page_15[[#This Row],[FİYAT]]*Table001__Page_15[[#This Row],[Sütun2]] -> 840 | J7: 850 | K7: antep | L7: =Table001__Page_15[[#This Row],[SATIŞ FİYATI]]-Table001__Page_15[[#This Row],[YUVARLAMA]] -> -10 | M7: 850 | N7: =M7-Table001__Page_15[[#This Row],[YUVARLAMA]] -> 0
A8: BAHARAT | B8: KİLO | C8: İPEK BİBER | D8: 25 | E8: KG | F8: 250 | G8: 6250 | H8: 2 | I8: =Table001__Page_15[[#This Row],[FİYAT]]*Table001__Page_15[[#This Row],[Sütun2]] -> 500 | J8: 500 | K8: antep | L8: =Table001__Page_15[[#This Row],[SATIŞ FİYATI]]-Table001__Page_15[[#This Row],[YUVARLAMA]] -> 0 | M8: 500 | N8: =M8-Table001__Page_15[[#This Row],[YUVARLAMA]] -> 0
A9: BAHARAT | B9: KİLO | C9: İSOT | D9: 25 | E9: KG | F9: 180 | G9: 4500 | H9: 2.2 | I9: =Table001__Page_15[[#This Row],[FİYAT]]*Table001__Page_15[[#This Row],[Sütun2]] -> 396 | J9: 400 | K9: antep | L9: =Table001__Page_15[[#This Row],[SATIŞ FİYATI]]-Table001__Page_15[[#This Row],[YUVARLAMA]] -> -4 | M9: 400 | N9: =M9-Table001__Page_15[[#This Row],[YUVARLAMA]] -> 0
A10: BAHARAT | B10: KİLO | C10: TOZ BİBER - ACI | D10: 25 | E10: KG | F10: 160 | G10: 4000 | H10: 2.5 | I10: =Table001__Page_15[[#This Row],[FİYAT]]*Table001__Page_15[[#This Row],[Sütun2]] -> 400 | J10: 400 | K10: antep | L10: =Table001__Page_15[[#This Row],[SATIŞ FİYATI]]-Table001__Page_15[[#This Row],[YUVARLAMA]] -> 0 | M10: 400 | N10: =M10-Table001__Page_15[[#This Row],[YUVARLAMA]] -> 0
A11: BAHARAT | B11: KİLO | C11: EVLİK BİBER | D11: 25 | E11: KG | F11: 180 | G11: 4500 | H11: 2.2 | I11: =Table001__Page_15[[#This Row],[FİYAT]]*Table001__Page_15[[#This Row],[Sütun2]] -> 396 | J11: 400 | K11: antep | L11: =Table001__Page_15[[#This Row],[SATIŞ FİYATI]]-Table001__Page_15[[#This Row],[YUVARLAMA]] -> -4 | M11: 400 | N11: =M11-Table001__Page_15[[#This Row],[YUVARLAMA]] -> 0
A12: BAHARAT | B12: PAKET | C12: HİNDİSTAN CEVİZİ ( İRİ ) | D12: 25 | E12: KG | F12: 150 | G12: 3750 | H12: 4 | I12: =Table001__Page_15[[#This Row],[FİYAT]]*Table001__Page_15[[#This Row],[Sütun2]] -> 600 | J12: 60 | K12: antep | L12: =Table001__Page_15[[#This Row],[SATIŞ FİYATI]]-Table001__Page_15[[#This Row],[YUVARLAMA]] -> 540 | M12: 60 | N12: =M12-Table001__Page_15[[#This Row],[YUVARLAMA]] -> 0
A13: TUZ | B13: PAKET | C13: LİMONTUZU TOZ | D13: 25 | E13: KG | F13: 70 | G13: 1750 | H13: 2.6 | I13: =Table001__Page_15[[#This Row],[FİYAT]]*Table001__Page_15[[#This Row],[Sütun2]] -> 182 | J13: =180/4 -> 45 | K13: antep | L13: =Table001__Page_15[[#This Row],[SATIŞ FİYATI]]-Table001__Page_15[[#This Row],[YUVARLAMA]] -> 137 | M13: 45 | N13: =M13-Table001__Page_15[[#This Row],[YUVARLAMA]] -> 0
A14: TUZ | B14: PAKET | C14: LİMONTUZU PARCA | D14: 25 | E14: KG | F14: 80 | G14: 2000 | H14: 2.3 | I14: =Table001__Page_15[[#This Row],[FİYAT]]*Table001__Page_15[[#This Row],[Sütun2]] -> 184 | J14: 45 | K14: antep | L14: =Table001__Page_15[[#This Row],[SATIŞ FİYATI]]-Table001__Page_15[[#This Row],[YUVARLAMA]] -> 139 | M14: 45 | N14: =M14-Table001__Page_15[[#This Row],[YUVARLAMA]] -> 0
A15: KAHVE | B15: PAKET | C15: SÜTTOZU (KAHVE KREMASI) 100 GR | D15: 25 | E15: KG | F15: 115 | G15: 2875 | H15: 5.25 | I15: =Table001__Page_15[[#This Row],[FİYAT]]*Table001__Page_15[[#This Row],[Sütun2]] -> 603.75 | J15: 60 | K15: antep | L15: =Table001__Page_15[[#This Row],[SATIŞ FİYATI]]-Table001__Page_15[[#This Row],[YUVARLAMA]] -> 543.75 | M15: 60 | N15: =M15-Table001__Page_15[[#This Row],[YUVARLAMA]] -> 0
A16: KAHVE | B16: PAKET | C16: SÜTTOZU (KAHVE KREMASI) 200 GR | D16: 0 | E16: KG | I16: =Table001__Page_15[[#This Row],[FİYAT]]*Table001__Page_15[[#This Row],[Sütun2]] -> 0 | J16: 120 | K16: antep | L16: =Table001__Page_15[[#This Row],[SATIŞ FİYATI]]-Table001__Page_15[[#This Row],[YUVARLAMA]] -> -120 | M16: 120 | N16: =M16-Table001__Page_15[[#This Row],[YUVARLAMA]] -> 0
A17: KAHVE | B17: PAKET | C17: TÜRK KAHVESİ | D17: 5 | E17: KG | F17: 440 | G17: 2200 | H17: 1.7 | I17: =Table001__Page_15[[#This Row],[FİYAT]]*Table001__Page_15[[#This Row],[Sütun2]] -> 748 | J17: 75 | K17: antep | L17: =Table001__Page_15[[#This Row],[SATIŞ FİYATI]]-Table001__Page_15[[#This Row],[YUVARLAMA]] -> 673 | M17: 75 | N17: =M17-Table001__Page_15[[#This Row],[YUVARLAMA]] -> 0
A18: BAHARAT | B18: PAKET | C18: ZENCEFİL TANE | D18: 5 | E18: KG | F18: 190 | G18: 950 | H18: 2.1 | I18: =Table001__Page_15[[#This Row],[FİYAT]]*Table001__Page_15[[#This Row],[Sütun2]] -> 399 | J18: 400 | K18: antep | L18: =Table001__Page_15[[#This Row],[SATIŞ FİYATI]]-Table001__Page_15[[#This Row],[YUVARLAMA]] -> -1 | M18: 400 | N18: =M18-Table001__Page_15[[#This Row],[YUVARLAMA]] -> 0
A19: BAHARAT | B19: KİLO | C19: ZENCEFİL TOZ | D19: 5 | E19: KG | F19: 180 | G19: 900 | H19: 2 | I19: =Table001__Page_15[[#This Row],[FİYAT]]*Table001__Page_15[[#This Row],[Sütun2]] -> 360 | J19: 400 | K19: antep | L19: =Table001__Page_15[[#This Row],[SATIŞ FİYATI]]-Table001__Page_15[[#This Row],[YUVARLAMA]] -> -40 | M19: 400 | N19: =M19-Table001__Page_15[[#This Row],[YUVARLAMA]] -> 0
A20: BAHARAT | B20: KİLO | C20: ZERDEÇAL TOZ | D20: 10 | E20: KG | F20: 125 | G20: 1250 | H20: 2 | I20: =Table001__Page_15[[#This Row],[FİYAT]]*Table001__Page_15[[#This Row],[Sütun2]] -> 250 | J20: 300 | K20: antep | L20: =Table001__Page_15[[#This Row],[SATIŞ FİYATI]]-Table001__Page_15[[#This Row],[YUVARLAMA]] -> -50 | M20: 300 | N20: =M20-Table001__Page_15[[#This Row],[YUVARLAMA]] -> 0
A21: BAHARAT | B21: KİLO | C21: KORİ (TAVUK BAHARATI) | D21: 10 | E21: KG | F21: 70 | G21: 700 | H21: 2 | I21: =Table001__Page_15[[#This Row],[FİYAT]]*Table001__Page_15[[#This Row],[Sütun2]] -> 140 | J21: 140 | K21: antep | L21: =Table001__Page_15[[#This Row],[SATIŞ FİYATI]]-Table001__Page_15[[#This Row],[YUVARLAMA]] -> 0 | M21: 140 | N21: =M21-Table001__Page_15[[#This Row],[YUVARLAMA]] -> 0
A22: ÖZ | B22: ADET | C22: NATTE LEZZET SOSU 980 GR | D22: 12 | E22: ADET | F22: 42 | G22: 504 | H22: 2.4 | I22: =Table001__Page_15[[#This Row],[FİYAT]]*Table001__Page_15[[#This Row],[Sütun2]] -> 100.8 | J22: 100 | K22: antep | L22: =Table001__Page_15[[#This Row],[SATIŞ FİYATI]]-Table001__Page_15[[#This Row],[YUVARLAMA]] -> 0.8 | M22: 100 | N22: =M22-Table001__Page_15[[#This Row],[YUVARLAMA]] -> 0
A23: ÖZ | B23: ADET | C23: NATTE LEZZET SOSU 500 GR (NAR EKŞİSİ) | D23: 24 | E23: ADET | F23: 21 | G23: 504 | H23: 2.9 | I23: =Table001__Page_15[[#This Row],[FİYAT]]*Table001__Page_15[[#This Row],[Sütun2]] -> 60.9 | J23: 60 | K23: antep | L23: =Table001__Page_15[[#This Row],[SATIŞ FİYATI]]-Table001__Page_15[[#This Row],[YUVARLAMA]] -> 0.9 | M23: 60 | N23: =M23-Table001__Page_15[[#This Row],[YUVARLAMA]] -> 0
A24: ÖZ | B24: ADET | C24: LİMONSOSU 1 KG | D24: 12 | E24: ADET | F24: 40 | G24: 480 | H24: 2 | I24: =Table001__Page_15[[#This Row],[FİYAT]]*Table001__Page_15[[#This Row],[Sütun2]] -> 80 | J24: 80 | K24: antep | L24: =Table001__Page_15[[#This Row],[SATIŞ FİYATI]]-Table001__Page_15[[#This Row],[YUVARLAMA]] -> 0 | M24: 80 | N24: =M24-Table001__Page_15[[#This Row],[YUVARLAMA]] -> 0
A25: KAHVE | B25: ADET | C25: KAFFKA MENENGİÇ KAHVESİ 150 GR | D25: 24 | E25: ADET | F25: 35 | G25: 840 | H25: 1.9 | I25: =Table001__Page_15[[#This Row],[FİYAT]]*Table001__Page_15[[#This Row],[Sütun2]] -> 66.5 | J25: 75 | K25: antep | L25: =Table001__Page_15[[#This Row],[SATIŞ FİYATI]]-Table001__Page_15[[#This Row],[YUVARLAMA]] -> -8.5 | M25: 75 | N25: =M25-Table001__Page_15[[#This Row],[YUVARLAMA]] -> 0
A26: KAHVE | B26: ADET | C26: KAFFKA OSMANLI KAHVESİ 150 GR | D26: 24 | E26: ADET | F26: 35 | G26: 840 | H26: 1.9 | I26: =Table001__Page_15[[#This Row],[FİYAT]]*Table001__Page_15[[#This Row],[Sütun2]] -> 66.5 | J26: 75 | K26: antep | L26: =Table001__Page_15[[#This Row],[SATIŞ FİYATI]]-Table001__Page_15[[#This Row],[YUVARLAMA]] -> -8.5 | M26: 75 | N26: =M26-Table001__Page_15[[#This Row],[YUVARLAMA]] -> 0
A27: KAHVE | B27: ADET | C27: KAFFKA DİBEK KAHVESİ 150 GR | D27: 24 | E27: ADET | F27: 35 | G27: 840 | H27: 1.9 | I27: =Table001__Page_15[[#This Row],[FİYAT]]*Table001__Page_15[[#This Row],[Sütun2]] -> 66.5 | J27: 75 | K27: antep | L27: =Table001__Page_15[[#This Row],[SATIŞ FİYATI]]-Table001__Page_15[[#This Row],[YUVARLAMA]] -> -8.5 | M27: 75 | N27: =M27-Table001__Page_15[[#This Row],[YUVARLAMA]] -> 0
A28: BAHARAT | B28: PAKET | C28: HASPİR | D28: 2 | E28: KG | F28: 550 | G28: 1100 | H28: 3.64 | I28: =Table001__Page_15[[#This Row],[FİYAT]]*Table001__Page_15[[#This Row],[Sütun2]] -> 2002 | J28: 2000 | K28: antep | L28: =Table001__Page_15[[#This Row],[SATIŞ FİYATI]]-Table001__Page_15[[#This Row],[YUVARLAMA]] -> 2 | M28: 2000 | N28: =M28-Table001__Page_15[[#This Row],[YUVARLAMA]] -> 0
... A47: KURUTMALIK | B47: BAĞ | C47: DOLMALIK KURU TATLI KIRMIZI BİBER | D47: 40 | E47: ADET | F47: 110 | G47: 4400 | H47: 2.1 | I47: =Table001__Page_15[[#This Row],[FİYAT]]*Table001__Page_15[[#This Row],[Sütun2]] -> 231 | J47: 250 | K47: antep | L47: =Table001__Page_15[[#This Row],[SATIŞ FİYATI]]-Table001__Page_15[[#This Row],[YUVARLAMA]] -> -19 | M47: 250 | N47: =M47-Table001__Page_15[[#This Row],[YUVARLAMA]] -> 0
A48: BAHARAT | C48: SUMAK TANE EKŞİLİ | D48: 5 | E48: KG | F48: 270 | G48: 4400 | H48: 2 | I48: =Table001__Page_15[[#This Row],[FİYAT]]*Table001__Page_15[[#This Row],[Sütun2]] -> 540 | J48: 540 | K48: antep | L48: =Table001__Page_15[[#This Row],[SATIŞ FİYATI]]-Table001__Page_15[[#This Row],[YUVARLAMA]] -> 0 | M48: 540 | N48: =M48-Table001__Page_15[[#This Row],[YUVARLAMA]] -> 0
A49: BAHARAT | C49: KIRMIZI PUL BİBER TATLI | D49: 10 | E49: KG | F49: 180 | G49: 4400 | H49: 2 | I49: =Table001__Page_15[[#This Row],[FİYAT]]*Table001__Page_15[[#This Row],[Sütun2]] -> 360 | J49: 400 | K49: antep | L49: =Table001__Page_15[[#This Row],[SATIŞ FİYATI]]-Table001__Page_15[[#This Row],[YUVARLAMA]] -> -40 | M49: 360 | N49: =M49-Table001__Page_15[[#This Row],[YUVARLAMA]] -> -40
A50: KAHVE | C50: SÜTTOZU (KAHVE KREMASI) | I50: =Table001__Page_15[[#This Row],[FİYAT]]*Table001__Page_15[[#This Row],[Sütun2]] -> 0 | L50: =Table001__Page_15[[#This Row],[SATIŞ FİYATI]]-Table001__Page_15[[#This Row],[YUVARLAMA]] -> 0 | N50: =M50-Table001__Page_15[[#This Row],[YUVARLAMA]] -> 0
A51: BAHARAT | C51: SUMAK ÖZEL | D51: 25 | E51: KG | F51: 260 | G51: 4400 | H51: 2 | I51: =Table001__Page_15[[#This Row],[FİYAT]]*Table001__Page_15[[#This Row],[Sütun2]] -> 520 | J51: 520 | K51: antep | L51: =Table001__Page_15[[#This Row],[SATIŞ FİYATI]]-Table001__Page_15[[#This Row],[YUVARLAMA]] -> 0 | M51: 520 | N51: =M51-Table001__Page_15[[#This Row],[YUVARLAMA]] -> 0
A52: BAHARAT | C52: ATOM PUL BİBER ÇOK ACI | D52: 10 | E52: KG | F52: 275 | G52: =Table001__Page_15[[#This Row],[MİKTAR]]*Table001__Page_15[[#This Row],[FİYAT]] -> 2750 | H52: 2 | I52: =Table001__Page_15[[#This Row],[FİYAT]]*Table001__Page_15[[#This Row],[Sütun2]] -> 550 | J52: 550 | K52: antep | L52: =Table001__Page_15[[#This Row],[SATIŞ FİYATI]]-Table001__Page_15[[#This Row],[YUVARLAMA]] -> 0 | M52: 550 | N52: =M52-Table001__Page_15[[#This Row],[YUVARLAMA]] -> 0
C53: PASTA SÜSÜ | F53: 85 | G53: =Table001__Page_15[[#This Row],[MİKTAR]]*Table001__Page_15[[#This Row],[FİYAT]] -> 0 | H53: 6 | I53: =Table001__Page_15[[#This Row],[FİYAT]]*Table001__Page_15[[#This Row],[Sütun2]] -> 510 | J53: 500 | K53: antep | L53: =Table001__Page_15[[#This Row],[SATIŞ FİYATI]]-Table001__Page_15[[#This Row],[YUVARLAMA]] -> 10 | M53: 500 | N53: =M53-Table001__Page_15[[#This Row],[YUVARLAMA]] -> 0
C54: KENDİR TOHUMU (ÇETENE ÇEDENE KENEVİR TOHMU) | F54: 175 | G54: =Table001__Page_15[[#This Row],[MİKTAR]]*Table001__Page_15[[#This Row],[FİYAT]] -> 0 | H54: 4 | I54: =Table001__Page_15[[#This Row],[FİYAT]]*Table001__Page_15[[#This Row],[Sütun2]] -> 700 | J54: 700 | K54: antep | L54: =Table001__Page_15[[#This Row],[SATIŞ FİYATI]]-Table001__Page_15[[#This Row],[YUVARLAMA]] -> 0 | M54: 700 | N54: =M54-Table001__Page_15[[#This Row],[YUVARLAMA]] -> 0
C55: MUSKAT TANE (HİNT CEVİZİ) | F55: 400 | G55: =Table001__Page_15[[#This Row],[MİKTAR]]*Table001__Page_15[[#This Row],[FİYAT]] -> 0 | H55: 3 | I55: =Table001__Page_15[[#This Row],[FİYAT]]*Table001__Page_15[[#This Row],[Sütun2]] -> 1200 | J55: 1200 | K55: antep | L55: =Table001__Page_15[[#This Row],[SATIŞ FİYATI]]-Table001__Page_15[[#This Row],[YUVARLAMA]] -> 0 | M55: 1200 | N55: =M55-Table001__Page_15[[#This Row],[YUVARLAMA]] -> 0
C56: KİŞNİŞ TANE | F56: 80 | G56: =Table001__Page_15[[#This Row],[MİKTAR]]*Table001__Page_15[[#This Row],[FİYAT]] -> 0 | H56: 6.2 | I56: =Table001__Page_15[[#This Row],[FİYAT]]*Table001__Page_15[[#This Row],[Sütun2]] -> 496 | J56: 500 | K56: antep | L56: =Table001__Page_15[[#This Row],[SATIŞ FİYATI]]-Table001__Page_15[[#This Row],[YUVARLAMA]] -> -4 | M56: 500 | N56: =M56-Table001__Page_15[[#This Row],[YUVARLAMA]] -> 0
C57: SIKMA ANTEP TARHANA | F57: 140 | G57: =Table001__Page_15[[#This Row],[MİKTAR]]*Table001__Page_15[[#This Row],[FİYAT]] -> 0 | H57: 2 | I57: =Table001__Page_15[[#This Row],[FİYAT]]*Table001__Page_15[[#This Row],[Sütun2]] -> 280 | J57: 280 | K57: antep | L57: =Table001__Page_15[[#This Row],[SATIŞ FİYATI]]-Table001__Page_15[[#This Row],[YUVARLAMA]] -> 0 | M57: 280 | N57: =M57-Table001__Page_15[[#This Row],[YUVARLAMA]] -> 0
C58: POLAT ŞEKERİ (NÖBET ŞEKERİ) | F58: 140 | G58: =Table001__Page_15[[#This Row],[MİKTAR]]*Table001__Page_15[[#This Row],[FİYAT]] -> 0 | H58: 1.8 | I58: =Table001__Page_15[[#This Row],[FİYAT]]*Table001__Page_15[[#This Row],[Sütun2]] -> 252 | J58: 250 | K58: antep | L58: =Table001__Page_15[[#This Row],[SATIŞ FİYATI]]-Table001__Page_15[[#This Row],[YUVARLAMA]] -> 2 | M58: 250 | N58: =M58-Table001__Page_15[[#This Row],[YUVARLAMA]] -> 0
C59: HAŞHAŞ MAVİ | F59: 180 | G59: =Table001__Page_15[[#This Row],[MİKTAR]]*Table001__Page_15[[#This Row],[FİYAT]] -> 0 | H59: 2.5 | I59: =Table001__Page_15[[#This Row],[FİYAT]]*Table001__Page_15[[#This Row],[Sütun2]] -> 450 | J59: 450 | K59: antep | L59: =Table001__Page_15[[#This Row],[SATIŞ FİYATI]]-Table001__Page_15[[#This Row],[YUVARLAMA]] -> 0 | M59: 450 | N59: =M59-Table001__Page_15[[#This Row],[YUVARLAMA]] -> 0
C60: DAMLA ÇİKOLATA | F60: 170 | G60: =Table001__Page_15[[#This Row],[MİKTAR]]*Table001__Page_15[[#This Row],[FİYAT]] -> 0 | H60: 3 | I60: =Table001__Page_15[[#This Row],[FİYAT]]*Table001__Page_15[[#This Row],[Sütun2]] -> 510 | J60: 500 | K60: antep | L60: =Table001__Page_15[[#This Row],[SATIŞ FİYATI]]-Table001__Page_15[[#This Row],[YUVARLAMA]] -> 10 | M60: 500 | N60: =M60-Table001__Page_15[[#This Row],[YUVARLAMA]] -> 0
A61: ÖZ | B61: ADET | C61: ORMANÖZÜ SUMAKLI NAR EKŞİSİ 250 ml | D61: 3 | E61: ADET | F61: 99.9 | G61: =Table001__Page_15[[#This Row],[MİKTAR]]*Table001__Page_15[[#This Row],[FİYAT]] -> 299.7 | H61: 1.3 | I61: =Table001__Page_15[[#This Row],[FİYAT]]*Table001__Page_15[[#This Row],[Sütun2]] -> 129.87 | J61: 130 | K61: antep | L61: =Table001__Page_15[[#This Row],[SATIŞ FİYATI]]-Table001__Page_15[[#This Row],[YUVARLAMA]] -> -0.13 | M61: 130 | N61: =M61-Table001__Page_15[[#This Row],[YUVARLAMA]] -> 0
A62: SİRKE | B62: ADET | C62: ORMANÖZÜ ORGANİK ALIÇ SİRKESİ 500 ml | D62: 3 | E62: ADET | F62: 79.9 | G62: =Table001__Page_15[[#This Row],[MİKTAR]]*Table001__Page_15[[#This Row],[FİYAT]] -> 239.7 | H62: 1.4 | I62: =Table001__Page_15[[#This Row],[FİYAT]]*Table001__Page_15[[#This Row],[Sütun2]] -> 111.86 | J62: 110 | K62: antep | L62: =Table001__Page_15[[#This Row],[SATIŞ FİYATI]]-Table001__Page_15[[#This Row],[YUVARLAMA]] -> 1.86 | M62: 110 | N62: =M62-Table001__Page_15[[#This Row],[YUVARLAMA]] -> 0
A63: SİRKE | B63: ADET | C63: ORMANÖZÜ ORGANİK ÜZÜM SİRKESİ 500 ml | D63: 3 | E63: ADET | F63: 75 | G63: =Table001__Page_15[[#This Row],[MİKTAR]]*Table001__Page_15[[#This Row],[FİYAT]] -> 225 | H63: 1.4 | I63: =Table001__Page_15[[#This Row],[FİYAT]]*Table001__Page_15[[#This Row],[Sütun2]] -> 105 | J63: 110 | K63: antep | L63: =Table001__Page_15[[#This Row],[SATIŞ FİYATI]]-Table001__Page_15[[#This Row],[YUVARLAMA]] -> -5 | M63: 110 | N63: =M63-Table001__Page_15[[#This Row],[YUVARLAMA]] -> 0
A64: SİRKE | B64: ADET | C64: ORMANÖZÜ ORGANİK YABAN ELMASI SİRKESİ 500 ml | D64: 4 | E64: ADET | F64: 79.9 | G64: =Table001__Page_15[[#This Row],[MİKTAR]]*Table001__Page_15[[#This Row],[FİYAT]] -> 319.6 | H64: 1.2 | I64: =Table001__Page_15[[#This Row],[FİYAT]]*Table001__Page_15[[#This Row],[Sütun2]] -> 95.88 | J64: 95 | K64: antep | L64: =Table001__Page_15[[#This Row],[SATIŞ FİYATI]]-Table001__Page_15[[#This Row],[YUVARLAMA]] -> 0.88 | M64: 95 | N64: =M64-Table001__Page_15[[#This Row],[YUVARLAMA]] -> 0
A65: ÇAY | B65: ADET | C65: ÇAYKUR TİRYAKİ 1 KG | D65: 10 | E65: ADET | F65: 199 | G65: =Table001__Page_15[[#This Row],[MİKTAR]]*Table001__Page_15[[#This Row],[FİYAT]] -> 1990 | H65: 1.3 | I65: =Table001__Page_15[[#This Row],[FİYAT]]*Table001__Page_15[[#This Row],[Sütun2]] -> 258.7 | J65: 260 | K65: tedarik | L65: =Table001__Page_15[[#This Row],[SATIŞ FİYATI]]-Table001__Page_15[[#This Row],[YUVARLAMA]] -> -1.3 | M65: 260 | N65: =M65-Table001__Page_15[[#This Row],[YUVARLAMA]] -> 0
A66: BAKIM | B66: ADET | C66: ARKO EL VÜCUT KREMİ 150 ml | D66: 7 | E66: ADET | F66: 53.5 | G66: =Table001__Page_15[[#This Row],[MİKTAR]]*Table001__Page_15[[#This Row],[FİYAT]] -> 374.5 | H66: 1.8 | I66: =Table001__Page_15[[#This Row],[FİYAT]]*Table001__Page_15[[#This Row],[Sütun2]] -> 96.3 | J66: 95 | K66: tedarik | L66: =Table001__Page_15[[#This Row],[SATIŞ FİYATI]]-Table001__Page_15[[#This Row],[YUVARLAMA]] -> 1.3 | M66: 95 | N66: =M66-Table001__Page_15[[#This Row],[YUVARLAMA]] -> 0
A67: ÖZ | B67: ADET | C67: SEYİDOĞLU TAHİN 550 g | D67: 12 | E67: ADET | F67: 90 | G67: =Table001__Page_15[[#This Row],[MİKTAR]]*Table001__Page_15[[#This Row],[FİYAT]] -> 1080 | H67: 1.8 | I67: =Table001__Page_15[[#This Row],[FİYAT]]*Table001__Page_15[[#This Row],[Sütun2]] -> 162 | J67: 160 | K67: tedarik | L67: =Table001__Page_15[[#This Row],[SATIŞ FİYATI]]-Table001__Page_15[[#This Row],[YUVARLAMA]] -> 2 | M67: 160 | N67: =M67-Table001__Page_15[[#This Row],[YUVARLAMA]] -> 0
A68: ÖZ | B68: ADET | C68: SEYİDOĞLU PEKMEZ 700 g | D68: 12 | E68: ADET | F68: 95 | G68: =Table001__Page_15[[#This Row],[MİKTAR]]*Table001__Page_15[[#This Row],[FİYAT]] -> 1140 | H68: 1.8 | I68: =Table001__Page_15[[#This Row],[FİYAT]]*Table001__Page_15[[#This Row],[Sütun2]] -> 171 | J68: 170 | K68: tedarik | L68: =Table001__Page_15[[#This Row],[SATIŞ FİYATI]]-Table001__Page_15[[#This Row],[YUVARLAMA]] -> 1 | M68: 170 | N68: =M68-Table001__Page_15[[#This Row],[YUVARLAMA]] -> 0
A69: BAKLİYAT | B69: ADET | C69: ETİ LİFALİF 950 GR YULAF EZMESİ | D69: 6 | E69: ADET | F69: 75 | G69: =Table001__Page_15[[#This Row],[MİKTAR]]*Table001__Page_15[[#This Row],[FİYAT]] -> 450 | H69: 1.3 | I69: =Table001__Page_15[[#This Row],[FİYAT]]*Table001__Page_15[[#This Row],[Sütun2]] -> 97.5 | J69: 95 | K69: tedarik | L69: =Table001__Page_15[[#This Row],[SATIŞ FİYATI]]-Table001__Page_15[[#This Row],[YUVARLAMA]] -> 2.5 | M69: 95 | N69: =M69-Table001__Page_15[[#This Row],[YUVARLAMA]] -> 0
A70: ÖZ | B70: ADET | C70: YENİGÜN HARNUP PEKMEZİ 1.250 GR | D70: 1 | E70: ADET | F70: 125 | G70: =Table001__Page_15[[#This Row],[MİKTAR]]*Table001__Page_15[[#This Row],[FİYAT]] -> 125 | H70: 1.52 | I70: =Table001__Page_15[[#This Row],[FİYAT]]*Table001__Page_15[[#This Row],[Sütun2]] -> 190 | J70: 190 | K70: tedarik | L70: =Table001__Page_15[[#This Row],[SATIŞ FİYATI]]-Table001__Page_15[[#This Row],[YUVARLAMA]] -> 0 | M70: 190 | N70: =M70-Table001__Page_15[[#This Row],[YUVARLAMA]] -> 0
A71: ÖZ | B71: ADET | C71: FİSKOBİRLİK FINDIK EZMESİ 300 GR | D71: 5 | E71: ADET | F71: 159 | G71: =Table001__Page_15[[#This Row],[MİKTAR]]*Table001__Page_15[[#This Row],[FİYAT]] -> 795 | H71: 1.4 | I71: =Table001__Page_15[[#This Row],[FİYAT]]*Table001__Page_15[[#This Row],[Sütun2]] -> 222.6 | J71: 220 | K71: tedarik | L71: =Table001__Page_15[[#This Row],[SATIŞ FİYATI]]-Table001__Page_15[[#This Row],[YUVARLAMA]] -> 2.6 | M71: 220 | N71: =M71-Table001__Page_15[[#This Row],[YUVARLAMA]] -> 0
A72: ÖZ | B72: ADET | C72: ZÜBER FINDIK EZMESİ 315 G | D72: 1 | E72: ADET | F72: 155 | G72: =Table001__Page_15[[#This Row],[MİKTAR]]*Table001__Page_15[[#This Row],[FİYAT]] -> 155 | H72: 1.4 | I72: =Table001__Page_15[[#This Row],[FİYAT]]*Table001__Page_15[[#This Row],[Sütun2]] -> 217 | J72: 220 | K72: tedarik | L72: =Table001__Page_15[[#This Row],[SATIŞ FİYATI]]-Table001__Page_15[[#This Row],[YUVARLAMA]] -> -3 | M72: 220 | N72: =M72-Table001__Page_15[[#This Row],[YUVARLAMA]] -> 0
... A99: BAKIM | B99: ADET | C99: ORNATE KARINCA YUMURTASI TÜY DÖKÜCÜ KREM 150 ML | D99: 3 | E99: ADET | F99: 141.02 | G99: =Table001__Page_15[[#This Row],[MİKTAR]]*Table001__Page_15[[#This Row],[FİYAT]] -> 423.06 | H99: 1.7 | I99: =Table001__Page_15[[#This Row],[FİYAT]]*Table001__Page_15[[#This Row],[Sütun2]] -> 239.734 | J99: 240 | K99: tedarik | L99: =Table001__Page_15[[#This Row],[SATIŞ FİYATI]]-Table001__Page_15[[#This Row],[YUVARLAMA]] -> -0.266 | M99: 240 | N99: =M99-Table001__Page_15[[#This Row],[YUVARLAMA]] -> 0
A100: TAKVİYE | B100: ADET | C100: ÇİNKOPAST PORTAKALLI PASTİL 12 ADET | D100: 3 | E100: ADET | F100: =170.09/3 -> 56.696667 | G100: =Table001__Page_15[[#This Row],[MİKTAR]]*Table001__Page_15[[#This Row],[FİYAT]] -> 170.09 | H100: 1.7 | I100: =Table001__Page_15[[#This Row],[FİYAT]]*Table001__Page_15[[#This Row],[Sütun2]] -> 96.384333 | J100: 95 | K100: tedarik | L100: =Table001__Page_15[[#This Row],[SATIŞ FİYATI]]-Table001__Page_15[[#This Row],[YUVARLAMA]] -> 1.3843333 | M100: 95 | N100: =M100-Table001__Page_15[[#This Row],[YUVARLAMA]] -> 0
A101: BAKIM | B101: ADET | C101: CLASY CARE AYAK VE TOPUK ÇATLAK KREMİ 100 ML | D101: 2 | E101: ADET | F101: 170.97 | G101: =Table001__Page_15[[#This Row],[MİKTAR]]*Table001__Page_15[[#This Row],[FİYAT]] -> 341.94 | H101: 1.5 | I101: =Table001__Page_15[[#This Row],[FİYAT]]*Table001__Page_15[[#This Row],[Sütun2]] -> 256.455 | J101: 255 | K101: tedarik | L101: =Table001__Page_15[[#This Row],[SATIŞ FİYATI]]-Table001__Page_15[[#This Row],[YUVARLAMA]] -> 1.455 | M101: 255 | N101: =M101-Table001__Page_15[[#This Row],[YUVARLAMA]] -> 0
A102: TAKVİYE | B102: ADET | C102: ERBATAB MAGNEZYUM 3 LÜ FORM (BİSGLİSİNAT, SİTRAT, MALAT) & VİTAMİN B2 , B3 , B6 - 60 KAPSÜL | D102: 2 | E102: ADET | F102: =450/2 -> 225 | G102: =Table001__Page_15[[#This Row],[MİKTAR]]*Table001__Page_15[[#This Row],[FİYAT]] -> 450 | H102: 1.5 | I102: =Table001__Page_15[[#This Row],[FİYAT]]*Table001__Page_15[[#This Row],[Sütun2]] -> 337.5 | J102: 430 | K102: tedarik | L102: =Table001__Page_15[[#This Row],[SATIŞ FİYATI]]-Table001__Page_15[[#This Row],[YUVARLAMA]] -> -92.5 | M102: 430 | N102: =M102-Table001__Page_15[[#This Row],[YUVARLAMA]] -> 0
A103: KURUYEMİŞ | B103: KİLO | C103: AÇIK KAYISI İRİ (SARI) | D103: 2.565 | E103: KG | F103: 460 | G103: =Table001__Page_15[[#This Row],[MİKTAR]]*Table001__Page_15[[#This Row],[FİYAT]] -> 1179.9 | H103: 1.5 | I103: =Table001__Page_15[[#This Row],[FİYAT]]*Table001__Page_15[[#This Row],[Sütun2]] -> 690 | J103: 650 | K103: tedarik | L103: =Table001__Page_15[[#This Row],[SATIŞ FİYATI]]-Table001__Page_15[[#This Row],[YUVARLAMA]] -> 40 | M103: 650 | N103: =M103-Table001__Page_15[[#This Row],[YUVARLAMA]] -> 0
A104: KURUYEMİŞ | B104: ADET | C104: DENİZ TAHİNLİ PİŞMANİYE | D104: 6 | E104: ADET | F104: 59.5 | G104: =Table001__Page_15[[#This Row],[MİKTAR]]*Table001__Page_15[[#This Row],[FİYAT]] -> 357 | H104: 1.5 | I104: =Table001__Page_15[[#This Row],[FİYAT]]*Table001__Page_15[[#This Row],[Sütun2]] -> 89.25 | J104: 90 | K104: tedarik | L104: =Table001__Page_15[[#This Row],[SATIŞ FİYATI]]-Table001__Page_15[[#This Row],[YUVARLAMA]] -> -0.75 | M104: 90 | N104: =M104-Table001__Page_15[[#This Row],[YUVARLAMA]] -> 0
A105: KURUYEMİŞ | B105: ADET | C105: DENİZ ÇİKOLATA KAPLAMALI PİŞMANİYE | D105: 7 | E105: ADET | F105: 59.5 | G105: =Table001__Page_15[[#This Row],[MİKTAR]]*Table001__Page_15[[#This Row],[FİYAT]] -> 416.5 | H105: 1.5 | I105: =Table001__Page_15[[#This Row],[FİYAT]]*Table001__Page_15[[#This Row],[Sütun2]] -> 89.25 | J105: 90 | K105: tedarik | L105: =Table001__Page_15[[#This Row],[SATIŞ FİYATI]]-Table001__Page_15[[#This Row],[YUVARLAMA]] -> -0.75 | M105: 90 | N105: =M105-Table001__Page_15[[#This Row],[YUVARLAMA]] -> 0
A106: KURUYEMİŞ | B106: ADET | C106: DENİZ VANİLYALI PİŞMANİYE | D106: 6 | E106: ADET | F106: 59.5 | G106: =Table001__Page_15[[#This Row],[MİKTAR]]*Table001__Page_15[[#This Row],[FİYAT]] -> 357 | H106: 1.5 | I106: =Table001__Page_15[[#This Row],[FİYAT]]*Table001__Page_15[[#This Row],[Sütun2]] -> 89.25 | J106: 90 | K106: tedarik | L106: =Table001__Page_15[[#This Row],[SATIŞ FİYATI]]-Table001__Page_15[[#This Row],[YUVARLAMA]] -> -0.75 | M106: 90 | N106: =M106-Table001__Page_15[[#This Row],[YUVARLAMA]] -> 0
A107: YÖRESEL ÜRÜN | B107: ADET | C107: HAPPY LİFE NAR EKŞİSİ 250 ML | D107: 5 | E107: ADET | F107: 79.5 | G107: =Table001__Page_15[[#This Row],[MİKTAR]]*Table001__Page_15[[#This Row],[FİYAT]] -> 397.5 | H107: 1.6 | I107: =Table001__Page_15[[#This Row],[FİYAT]]*Table001__Page_15[[#This Row],[Sütun2]] -> 127.2 | J107: 125 | K107: tedarik | L107: =Table001__Page_15[[#This Row],[SATIŞ FİYATI]]-Table001__Page_15[[#This Row],[YUVARLAMA]] -> 2.2 | M107: 125 | N107: =M107-Table001__Page_15[[#This Row],[YUVARLAMA]] -> 0
A108: SİRKE | B108: ADET | C108: ZÜHRE ANA IŞGIN SİRKESİ 500 ML | D108: 7 | E108: ADET | F108: 139.9 | G108: =Table001__Page_15[[#This Row],[MİKTAR]]*Table001__Page_15[[#This Row],[FİYAT]] -> 979.3 | H108: 1.5 | I108: =Table001__Page_15[[#This Row],[FİYAT]]*Table001__Page_15[[#This Row],[Sütun2]] -> 209.85 | J108: 220 | K108: tedarik | L108: =Table001__Page_15[[#This Row],[SATIŞ FİYATI]]-Table001__Page_15[[#This Row],[YUVARLAMA]] -> -10.15 | M108: 220 | N108: =M108-Table001__Page_15[[#This Row],[YUVARLAMA]] -> 0
A109: SİRKE | B109: ADET | C109: ZÜHRE ANA ANANAS SİRKESİ 500 ML | D109: 2 | E109: ADET | F109: 148.6 | G109: =Table001__Page_15[[#This Row],[MİKTAR]]*Table001__Page_15[[#This Row],[FİYAT]] -> 297.2 | H109: 1.5 | I109: =Table001__Page_15[[#This Row],[FİYAT]]*Table001__Page_15[[#This Row],[Sütun2]] -> 222.9 | J109: 220 | K109: tedarik | L109: =Table001__Page_15[[#This Row],[SATIŞ FİYATI]]-Table001__Page_15[[#This Row],[YUVARLAMA]] -> 2.9 | M109: 220 | N109: =M109-Table001__Page_15[[#This Row],[YUVARLAMA]] -> 0
A110: ÖZ | B110: ADET | C110: ZÜHRE ANA HURMA ÖZÜ 350 GR | D110: 1 | E110: ADET | F110: 140.77 | G110: =Table001__Page_15[[#This Row],[MİKTAR]]*Table001__Page_15[[#This Row],[FİYAT]] -> 140.77 | H110: 1.5 | I110: =Table001__Page_15[[#This Row],[FİYAT]]*Table001__Page_15[[#This Row],[Sütun2]] -> 211.155 | J110: 250 | K110: tedarik | L110: =Table001__Page_15[[#This Row],[SATIŞ FİYATI]]-Table001__Page_15[[#This Row],[YUVARLAMA]] -> -38.845 | M110: 250 | N110: =M110-Table001__Page_15[[#This Row],[YUVARLAMA]] -> 0
A111: YÖRESEL ÜRÜN | B111: ADET | C111: BALPARMAK YAYLA VE OVA ÇİÇEK BALI 850 GR | D111: 3 | E111: ADET | F111: 376.24 | G111: =Table001__Page_15[[#This Row],[MİKTAR]]*Table001__Page_15[[#This Row],[FİYAT]] -> 1128.72 | H111: 1.4 | I111: =Table001__Page_15[[#This Row],[FİYAT]]*Table001__Page_15[[#This Row],[Sütun2]] -> 526.736 | J111: 520 | K111: tedarik | L111: =Table001__Page_15[[#This Row],[SATIŞ FİYATI]]-Table001__Page_15[[#This Row],[YUVARLAMA]] -> 6.736 | M111: 520 | N111: =M111-Table001__Page_15[[#This Row],[YUVARLAMA]] -> 0
A112: KURUYEMİŞ | B112: KİLO | C112: KARIŞIK KURUYEMİŞ | E112: KG | G112: =Table001__Page_15[[#This Row],[MİKTAR]]*Table001__Page_15[[#This Row],[FİYAT]] -> 0 | I112: =Table001__Page_15[[#This Row],[FİYAT]]*Table001__Page_15[[#This Row],[Sütun2]] -> 0 | J112: 850 | K112: üretim | L112: =Table001__Page_15[[#This Row],[SATIŞ FİYATI]]-Table001__Page_15[[#This Row],[YUVARLAMA]] -> -850 | M112: 850 | N112: =M112-Table001__Page_15[[#This Row],[YUVARLAMA]] -> 0
A113: MACUN | B113: ADET | C113: ZÜHRE ANA L-CARNİTİNE DESTEKLİ FORM MACUNU - 240 GR | D113: 6 | E113: ADET | F113: =792.7/6 -> 132.11667 | G113: =Table001__Page_15[[#This Row],[FİYAT]]*Table001__Page_15[[#This Row],[MİKTAR]] -> 792.7 | H113: 1.7 | I113: =Table001__Page_15[[#This Row],[FİYAT]]*Table001__Page_15[[#This Row],[Sütun2]] -> 224.59833 | J113: 260 | K113: tedarik | L113: =Table001__Page_15[[#This Row],[SATIŞ FİYATI]]-Table001__Page_15[[#This Row],[YUVARLAMA]] -> -35.401667 | M113: 260 | N113: =M113-Table001__Page_15[[#This Row],[YUVARLAMA]] -> 0
A114: TAKVİYE | B114: ADET | C114: ERBATAB VİTAMİN B12- FOLİK ASİT B9-METİLKOBALAMİN-METİLFOLAT | D114: 2 | E114: ADET | F114: =290.65/2 -> 145.325 | G114: =Table001__Page_15[[#This Row],[FİYAT]]*Table001__Page_15[[#This Row],[MİKTAR]] -> 290.65 | H114: 1.5 | I114: =Table001__Page_15[[#This Row],[FİYAT]]*Table001__Page_15[[#This Row],[Sütun2]] -> 217.9875 | J114: 360 | K114: tedarik | L114: =Table001__Page_15[[#This Row],[SATIŞ FİYATI]]-Table001__Page_15[[#This Row],[YUVARLAMA]] -> -142.0125 | M114: 360 | N114: =M114-Table001__Page_15[[#This Row],[YUVARLAMA]] -> 0
A115: TAKVİYE | B115: ADET | C115: ERBATAB LUGOL İYOT %2 SIVI TAKVİYE 20 ML TİROİD FONKSİYONUNU DESTEKLEYEN FORMÜL | D115: 2 | E115: ADET | F115: =358.7/2 -> 179.35 | G115: =Table001__Page_15[[#This Row],[FİYAT]]*Table001__Page_15[[#This Row],[MİKTAR]] -> 358.7 | H115: 1.5 | I115: =Table001__Page_15[[#This Row],[FİYAT]]*Table001__Page_15[[#This Row],[Sütun2]] -> 269.025 | J115: 360 | K115: tedarik | L115: =Table001__Page_15[[#This Row],[SATIŞ FİYATI]]-Table001__Page_15[[#This Row],[YUVARLAMA]] -> -90.975 | M115: 360 | N115: =M115-Table001__Page_15[[#This Row],[YUVARLAMA]] -> 0
A116: TAKVİYE | B116: ADET | C116: ERBATAB VİTAMİN D3 K2 2'Sİ 1 ARADA DAMLA - D3K2 | D116: 2 | E116: ADET | F116: =290.65/2 -> 145.325 | G116: =Table001__Page_15[[#This Row],[FİYAT]]*Table001__Page_15[[#This Row],[MİKTAR]] -> 290.65 | H116: 1.7 | I116: =Table001__Page_15[[#This Row],[FİYAT]]*Table001__Page_15[[#This Row],[Sütun2]] -> 247.0525 | J116: 360 | K116: tedarik | L116: =Table001__Page_15[[#This Row],[SATIŞ FİYATI]]-Table001__Page_15[[#This Row],[YUVARLAMA]] -> -112.9475 | M116: 360 | N116: =M116-Table001__Page_15[[#This Row],[YUVARLAMA]] -> 0
A117: TAKVİYE | B117: ADET | C117: ERBATAB VİTAMİN D3 KİDS 20 ML 400 IU DAMLA | D117: 2 | E117: ADET | F117: =286.6/2 -> 143.3 | G117: =Table001__Page_15[[#This Row],[FİYAT]]*Table001__Page_15[[#This Row],[MİKTAR]] -> 286.6 | H117: 1.7 | I117: =Table001__Page_15[[#This Row],[FİYAT]]*Table001__Page_15[[#This Row],[Sütun2]] -> 243.61 | J117: 360 | K117: tedarik | L117: =Table001__Page_15[[#This Row],[SATIŞ FİYATI]]-Table001__Page_15[[#This Row],[YUVARLAMA]] -> -116.39 | M117: 360 | N117: =M117-Table001__Page_15[[#This Row],[YUVARLAMA]] -> 0
A118: TAKVİYE | B118: ADET | C118: ERBATAB DEMİR VİTAMİN 30 KAPSÜL | D118: 2 | E118: ADET | F118: =295.98/2 -> 147.99 | G118: =Table001__Page_15[[#This Row],[FİYAT]]*Table001__Page_15[[#This Row],[MİKTAR]] -> 295.98 | H118: 1.7 | I118: =Table001__Page_15[[#This Row],[FİYAT]]*Table001__Page_15[[#This Row],[Sütun2]] -> 251.583 | J118: 360 | K118: tedarik | L118: =Table001__Page_15[[#This Row],[SATIŞ FİYATI]]-Table001__Page_15[[#This Row],[YUVARLAMA]] -> -108.417 | M118: 360 | N118: =M118-Table001__Page_15[[#This Row],[YUVARLAMA]] -> 0
A119: MACUN | B119: ADET | C119: ZÜHRE ANA KOZALAK MACUNU - ÇAM KOZALAĞI 240 GR | D119: 5 | E119: ADET | F119: 154.9 | G119: =Table001__Page_15[[#This Row],[FİYAT]]*Table001__Page_15[[#This Row],[MİKTAR]] -> 774.5 | H119: 1.55 | I119: =Table001__Page_15[[#This Row],[FİYAT]]*Table001__Page_15[[#This Row],[Sütun2]] -> 240.095 | J119: 260 | K119: tedarik | L119: =Table001__Page_15[[#This Row],[SATIŞ FİYATI]]-Table001__Page_15[[#This Row],[YUVARLAMA]] -> -19.905 | M119: 260 | N119: =M119-Table001__Page_15[[#This Row],[YUVARLAMA]] -> 0
A120: MACUN | B120: ADET | C120: ZÜHRE ANA PROPOLİS MACUNU 240 GR | D120: 5 | E120: ADET | F120: 159.9 | G120: =Table001__Page_15[[#This Row],[FİYAT]]*Table001__Page_15[[#This Row],[MİKTAR]] -> 799.5 | H120: 1.5 | I120: =Table001__Page_15[[#This Row],[FİYAT]]*Table001__Page_15[[#This Row],[Sütun2]] -> 239.85 | J120: 260 | K120: tedarik | L120: =Table001__Page_15[[#This Row],[SATIŞ FİYATI]]-Table001__Page_15[[#This Row],[YUVARLAMA]] -> -20.15 | M120: 260 | N120: =M120-Table001__Page_15[[#This Row],[YUVARLAMA]] -> 0
A121: ÖZ | B121: ADET | C121: ZÜHRE ANA KARADUT ÖZÜ 670 GR | D121: 5 | E121: ADET | F121: 148.82 | G121: =Table001__Page_15[[#This Row],[FİYAT]]*Table001__Page_15[[#This Row],[MİKTAR]] -> 744.1 | H121: 1.5 | I121: =Table001__Page_15[[#This Row],[FİYAT]]*Table001__Page_15[[#This Row],[Sütun2]] -> 223.23 | J121: 250 | K121: tedarik | L121: =Table001__Page_15[[#This Row],[SATIŞ FİYATI]]-Table001__Page_15[[#This Row],[YUVARLAMA]] -> -26.77 | M121: 250 | N121: =M121-Table001__Page_15[[#This Row],[YUVARLAMA]] -> 0
A122: ÖZ | B122: ADET | C122: ZÜHRE ANA BROMELAİN ANANAS İÇEREN DETOX ŞURUBU 250 ML | D122: 4 | E122: ADET | F122: 140.98 | G122: =Table001__Page_15[[#This Row],[FİYAT]]*Table001__Page_15[[#This Row],[MİKTAR]] -> 563.92 | H122: 1.6 | I122: =Table001__Page_15[[#This Row],[FİYAT]]*Table001__Page_15[[#This Row],[Sütun2]] -> 225.568 | J122: 250 | K122: tedarik | L122: =Table001__Page_15[[#This Row],[SATIŞ FİYATI]]-Table001__Page_15[[#This Row],[YUVARLAMA]] -> -24.432 | M122: 250 | N122: =M122-Table001__Page_15[[#This Row],[YUVARLAMA]] -> 0
A123: SİRKE | B123: ADET | C123: SARIBELEN IŞGIN KÖKÜ SİRKESİ 500 ML | D123: 6 | E123: ADET | F123: 112.87 | G123: =Table001__Page_15[[#This Row],[FİYAT]]*Table001__Page_15[[#This Row],[MİKTAR]] -> 677.22 | H123: 1.5 | I123: =Table001__Page_15[[#This Row],[FİYAT]]*Table001__Page_15[[#This Row],[Sütun2]] -> 169.305 | J123: 170 | K123: tedarik | L123: =Table001__Page_15[[#This Row],[SATIŞ FİYATI]]-Table001__Page_15[[#This Row],[YUVARLAMA]] -> -0.695 | M123: 170 | N123: =M123-Table001__Page_15[[#This Row],[YUVARLAMA]] -> 0
A124: TAKVİYE | B124: ADET | C124: ZÜHRE ANA KİDS OMEGA 3 BALIK YAĞI ŞURUBU 150 ML | D124: 5 | E124: ADET | F124: 180.11 | G124: =Table001__Page_15[[#This Row],[FİYAT]]*Table001__Page_15[[#This Row],[MİKTAR]] -> 900.55 | H124: 1.5 | I124: =Table001__Page_15[[#This Row],[FİYAT]]*Table001__Page_15[[#This Row],[Sütun2]] -> 270.165 | J124: 330 | K124: tedarik | L124: =Table001__Page_15[[#This Row],[SATIŞ FİYATI]]-Table001__Page_15[[#This Row],[YUVARLAMA]] -> -59.835 | M124: 330 | N124: =M124-Table001__Page_15[[#This Row],[YUVARLAMA]] -> 0
A125: MACUN | B125: ADET | C125: ZÜHRE ANA SULTAN MACUNU 240 GR | D125: 4 | E125: ADET | F125: 156.61 | G125: =Table001__Page_15[[#This Row],[FİYAT]]*Table001__Page_15[[#This Row],[MİKTAR]] -> 626.44 | H125: 1.55 | I125: =Table001__Page_15[[#This Row],[FİYAT]]*Table001__Page_15[[#This Row],[Sütun2]] -> 242.7455 | J125: 260 | K125: tedarik | L125: =Table001__Page_15[[#This Row],[SATIŞ FİYATI]]-Table001__Page_15[[#This Row],[YUVARLAMA]] -> -17.2545 | M125: 260 | N125: =M125-Table001__Page_15[[#This Row],[YUVARLAMA]] -> 0
A126: MACUN | B126: ADET | C126: ZÜHRE ANA DİYABETİK KOZALAK MACUNU - ÇAM KOZALAĞI 240 GR | D126: 5 | E126: ADET | F126: 156.61 | G126: =Table001__Page_15[[#This Row],[FİYAT]]*Table001__Page_15[[#This Row],[MİKTAR]] -> 783.05 | H126: 1.55 | I126: =Table001__Page_15[[#This Row],[FİYAT]]*Table001__Page_15[[#This Row],[Sütun2]] -> 242.7455 | J126: 260 | K126: tedarik | L126: =Table001__Page_15[[#This Row],[SATIŞ FİYATI]]-Table001__Page_15[[#This Row],[YUVARLAMA]] -> -17.2545 | M126: 260 | N126: =M126-Table001__Page_15[[#This Row],[YUVARLAMA]] -> 0
A127: MACUN | B127: ADET | C127: ZÜHRE ANA KİDS ARI SÜTÜ PEKMEZ BAL MACUN 240 GR | D127: 6 | E127: ADET | F127: =872/6 -> 145.33333 | G127: =Table001__Page_15[[#This Row],[FİYAT]]*Table001__Page_15[[#This Row],[MİKTAR]] -> 872 | H127: 1.7 | I127: =Table001__Page_15[[#This Row],[FİYAT]]*Table001__Page_15[[#This Row],[Sütun2]] -> 247.06667 | J127: 260 | K127: tedarik | L127: =Table001__Page_15[[#This Row],[SATIŞ FİYATI]]-Table001__Page_15[[#This Row],[YUVARLAMA]] -> -12.933333 | M127: 260 | N127: =M127-Table001__Page_15[[#This Row],[YUVARLAMA]] -> 0
A128: BAKIM | B128: ADET | C128: TALA KARINCA YUMURTASI YAĞI 20 ML | D128: 8 | E128: ADET | F128: 72.3 | G128: =Table001__Page_15[[#This Row],[FİYAT]]*Table001__Page_15[[#This Row],[MİKTAR]] -> 578.4 | H128: 1.8 | I128: =Table001__Page_15[[#This Row],[FİYAT]]*Table001__Page_15[[#This Row],[Sütun2]] -> 130.14 | J128: 130 | K128: tedarik | L128: =Table001__Page_15[[#This Row],[SATIŞ FİYATI]]-Table001__Page_15[[#This Row],[YUVARLAMA]] -> 0.14 | M128: 130 | N128: =M128-Table001__Page_15[[#This Row],[YUVARLAMA]] -> 0
A129: YÖRESEL ÜRÜN | B129: ADET | C129: ÇAVUŞOĞLU ÜZÜM PEKMEZİ 1000 GR | D129: 8 | E129: ADET | F129: =820.2/8 -> 102.525 | G129: =Table001__Page_15[[#This Row],[FİYAT]]*Table001__Page_15[[#This Row],[MİKTAR]] -> 820.2 | H129: 2 | I129: =Table001__Page_15[[#This Row],[FİYAT]]*Table001__Page_15[[#This Row],[Sütun2]] -> 205.05 | J129: 195 | K129: tedarik | L129: =Table001__Page_15[[#This Row],[SATIŞ FİYATI]]-Table001__Page_15[[#This Row],[YUVARLAMA]] -> 10.05 | M129: 195 | N129: =M129-Table001__Page_15[[#This Row],[YUVARLAMA]] -> 0
A130: BAKIM | C130: EMBEAUTY KOLEJAN VE KERATİN SAÇ DÖKÜLMESİNE KARŞI ONARICI DOLGUNLAŞTIRICI ŞAMPUAN 400 ML | D130: 6 | E130: ADET | F130: 146.6 | G130: =Table001__Page_15[[#This Row],[FİYAT]]*Table001__Page_15[[#This Row],[MİKTAR]] -> 879.6 | H130: 2 | I130: =Table001__Page_15[[#This Row],[FİYAT]]*Table001__Page_15[[#This Row],[Sütun2]] -> 293.2 | J130: 290 | K130: tedarik | L130: =Table001__Page_15[[#This Row],[SATIŞ FİYATI]]-Table001__Page_15[[#This Row],[YUVARLAMA]] -> 3.2 | M130: 290 | N130: =M130-Table001__Page_15[[#This Row],[YUVARLAMA]] -> 0
A131: KAHVE | C131: HARMANA HİNDİBA KAHVESİ 150G 1 AYLIK 60 KULLANIM | D131: 4 | E131: ADET | F131: 168 | G131: =Table001__Page_15[[#This Row],[FİYAT]]*Table001__Page_15[[#This Row],[MİKTAR]] -> 672 | H131: 2.1 | I131: =Table001__Page_15[[#This Row],[FİYAT]]*Table001__Page_15[[#This Row],[Sütun2]] -> 352.8 | J131: 350 | K131: tedarik | L131: =Table001__Page_15[[#This Row],[SATIŞ FİYATI]]-Table001__Page_15[[#This Row],[YUVARLAMA]] -> 2.8 | M131: 350 | N131: =M131-Table001__Page_15[[#This Row],[YUVARLAMA]] -> 0
A132: BAKIM | C132: ORNATE KARINCA YUMURTASI 20 ML | D132: 8 | E132: ADET | F132: 71.03 | G132: =Table001__Page_15[[#This Row],[FİYAT]]*Table001__Page_15[[#This Row],[MİKTAR]] -> 568.24 | H132: 2 | I132: =Table001__Page_15[[#This Row],[FİYAT]]*Table001__Page_15[[#This Row],[Sütun2]] -> 142.06 | J132: 140 | K132: tedarik | L132: =Table001__Page_15[[#This Row],[SATIŞ FİYATI]]-Table001__Page_15[[#This Row],[YUVARLAMA]] -> 2.06 | M132: 140 | N132: =M132-Table001__Page_15[[#This Row],[YUVARLAMA]] -> 0
A133: BAKIM | C133: AGARTA DİŞ MACUNU | D133: 6 | E133: ADET | F133: =267/3 -> 89 | G133: =Table001__Page_15[[#This Row],[FİYAT]]*Table001__Page_15[[#This Row],[MİKTAR]] -> 534 | H133: 1.5 | I133: =Table001__Page_15[[#This Row],[FİYAT]]*Table001__Page_15[[#This Row],[Sütun2]] -> 133.5 | J133: 135 | K133: tedarik | L133: =Table001__Page_15[[#This Row],[SATIŞ FİYATI]]-Table001__Page_15[[#This Row],[YUVARLAMA]] -> -1.5 | M133: 135 | N133: =M133-Table001__Page_15[[#This Row],[YUVARLAMA]] -> 0
A134: BAKIM | C134: AGARTA DİŞ MACUNU - ÇOCUK | D134: 3 | E134: ADET | F134: 89 | G134: =Table001__Page_15[[#This Row],[FİYAT]]*Table001__Page_15[[#This Row],[MİKTAR]] -> 267 | H134: 1.5 | I134: =Table001__Page_15[[#This Row],[FİYAT]]*Table001__Page_15[[#This Row],[Sütun2]] -> 133.5 | J134: 135 | K134: tedarik | L134: =Table001__Page_15[[#This Row],[SATIŞ FİYATI]]-Table001__Page_15[[#This Row],[YUVARLAMA]] -> -1.5 | M134: 135 | N134: =M134-Table001__Page_15[[#This Row],[YUVARLAMA]] -> 0
A135: MACUN | C135: ZÜHRE ANA ENGİNAR MACUNU | D135: 4 | E135: ADET | F135: =666.8/4 -> 166.7 | G135: =Table001__Page_15[[#This Row],[FİYAT]]*Table001__Page_15[[#This Row],[MİKTAR]] -> 666.8 | H135: 1.45 | I135: =Table001__Page_15[[#This Row],[FİYAT]]*Table001__Page_15[[#This Row],[Sütun2]] -> 241.715 | J135: 260 | K135: tedarik | L135: =Table001__Page_15[[#This Row],[SATIŞ FİYATI]]-Table001__Page_15[[#This Row],[YUVARLAMA]] -> -18.285 | M135: 260 | N135: =M135-Table001__Page_15[[#This Row],[YUVARLAMA]] -> 0
A136: YÖRESEL ÜRÜN | C136: MANİSA YAPRAK DÖKME | D136: 20.75 | E136: KG | F136: 209.64 | G136: =Table001__Page_15[[#This Row],[FİYAT]]*Table001__Page_15[[#This Row],[MİKTAR]] -> 4350.03 | H136: 1.45 | I136: =Table001__Page_15[[#This Row],[FİYAT]]*Table001__Page_15[[#This Row],[Sütun2]] -> 303.978 | J136: 350 | K136: tedarik | L136: =Table001__Page_15[[#This Row],[SATIŞ FİYATI]]-Table001__Page_15[[#This Row],[YUVARLAMA]] -> -46.022 | M136: 350 | N136: =M136-Table001__Page_15[[#This Row],[YUVARLAMA]] -> 0
A137: BAKIM | C137: TALA YILAN YAĞI 20 ML | D137: 8 | E137: ADET | I137: =Table001__Page_15[[#This Row],[FİYAT]]*Table001__Page_15[[#This Row],[Sütun2]] -> 0 | J137: 180 | K137: tedarik | L137: =Table001__Page_15[[#This Row],[SATIŞ FİYATI]]-Table001__Page_15[[#This Row],[YUVARLAMA]] -> -180 | M137: 180 | N137: =M137-Table001__Page_15[[#This Row],[YUVARLAMA]] -> 0
A138: KURUYEMİŞ | C138: ÖMRÜM VANİLYALI GOFRET 450 GR | F138: 50 | H138: 1.5 | I138: =Table001__Page_15[[#This Row],[FİYAT]]*Table001__Page_15[[#This Row],[Sütun2]] -> 75 | J138: 90 | K138: NEVANTAT | L138: =Table001__Page_15[[#This Row],[SATIŞ FİYATI]]-Table001__Page_15[[#This Row],[YUVARLAMA]] -> -15 | M138: 90 | N138: =M138-Table001__Page_15[[#This Row],[YUVARLAMA]] -> 0
A139: KURUYEMİŞ | C139: ÖMRÜM KAKAOLU GOFRET 450 GR | F139: 50 | H139: 1.5 | I139: =Table001__Page_15[[#This Row],[FİYAT]]*Table001__Page_15[[#This Row],[Sütun2]] -> 75 | J139: 90 | K139: NEVANTAT | L139: =Table001__Page_15[[#This Row],[SATIŞ FİYATI]]-Table001__Page_15[[#This Row],[YUVARLAMA]] -> -15 | M139: 90 | N139: =M139-Table001__Page_15[[#This Row],[YUVARLAMA]] -> 0
A140: KURUYEMİŞ | C140: ÜZÜM SİYAH KİLİS | F140: 430 | H140: 1.5 | I140: 650 | J140: 650 | K140: NEVANTAT | L140: =Table001__Page_15[[#This Row],[SATIŞ FİYATI]]-Table001__Page_15[[#This Row],[YUVARLAMA]] -> 0 | M140: 650 | N140: =M140-Table001__Page_15[[#This Row],[YUVARLAMA]] -> 0
A141: TAKVİYE | C141: ERBATAB METİKOBALAMİN B12 SPREY 10 ML | F141: 222.06 | H141: 1.5 | I141: =Table001__Page_15[[#This Row],[FİYAT]]*Table001__Page_15[[#This Row],[Sütun2]] -> 333.09 | J141: 360 | K141: tedarik | L141: =Table001__Page_15[[#This Row],[SATIŞ FİYATI]]-Table001__Page_15[[#This Row],[YUVARLAMA]] -> -26.91 | M141: 360 | N141: =M141-Table001__Page_15[[#This Row],[YUVARLAMA]] -> 0
A142: TAKVİYE | C142: PEINEILI GİNSENG KUVVET BİTKİSEL KARIŞIMLI MACUN | F142: 303.34 | H142: 1.7 | I142: =Table001__Page_15[[#This Row],[FİYAT]]*Table001__Page_15[[#This Row],[Sütun2]] -> 515.678 | J142: 550 | K142: tedarik | L142: =Table001__Page_15[[#This Row],[SATIŞ FİYATI]]-Table001__Page_15[[#This Row],[YUVARLAMA]] -> -34.322 | M142: 550 | N142: =M142-Table001__Page_15[[#This Row],[YUVARLAMA]] -> 0
A143: BİTKİ | B143: PAKET | C143: ADAÇAYI DEMET | D143: 10 | E143: ADET | F143: 20 | G143: =Table001__Page_15[[#This Row],[FİYAT]]*Table001__Page_15[[#This Row],[MİKTAR]] -> 200 | H143: 3 | I143: =Table001__Page_15[[#This Row],[FİYAT]]*Table001__Page_15[[#This Row],[Sütun2]] -> 60 | J143: 60 | K143: ufuk abi | L143: =Table001__Page_15[[#This Row],[SATIŞ FİYATI]]-Table001__Page_15[[#This Row],[YUVARLAMA]] -> 0 | M143: 60 | N143: =M143-Table001__Page_15[[#This Row],[YUVARLAMA]] -> 0
A144: BİTKİ | B144: PAKET | C144: ADAÇAYI SIYIRMA | D144: 1 | E144: KG | F144: 245 | G144: =Table001__Page_15[[#This Row],[FİYAT]]*Table001__Page_15[[#This Row],[MİKTAR]] -> 245 | H144: 3.02 | I144: =Table001__Page_15[[#This Row],[FİYAT]]*Table001__Page_15[[#This Row],[Sütun2]] -> 739.9 | J144: 740 | K144: ufuk abi | L144: =Table001__Page_15[[#This Row],[SATIŞ FİYATI]]-Table001__Page_15[[#This Row],[YUVARLAMA]] -> -0.1 | M144: 740 | N144: =M144-Table001__Page_15[[#This Row],[YUVARLAMA]] -> 0
...

Sheet STOK HAREKET
B2: CEVİZ KELEBEK (ŞİLİ) | H2: TOPLAM ÇIKIŞ | I2: {=SUM(SUMIFS(KASA!I:I, KASA!C:C, B2, KASA!B:B, {"MAL SATIŞI","MAL İADE","ÜRETİM ÇIKIŞ"}))} -> 10.072667
B4: TARİH | C4: TÜRÜ | D4: ÜRÜN | E4: HİZMET | F4: CARİ | G4: FT NO | H4: AÇIKLAMA | I4: N/K | J4: BİRİM ADET/KG | K4: BİRİM FİYAT/TL | L4: CARİ BORÇ | M4: CARİ ALACAK | N4: GELİR ADET/KG | O4: GİDER ADET/KG | P4: GELİR BİRİM FİYATI | Q4: GİDER BİRİM FİYATI | R4: KASA GİRİŞ | S4: KASA ÇIKIŞ | T4: KALAN STOK | U4: KALAN STOK DEĞERİ | V4: TOPLAM MAL ALIMI
B5: {=_xlfn._xlws.FILTER(KASA!A:R,KASA!C:C=B2)} -> 45950 | C5: MAL ALIMI | D5: CEVİZ KELEBEK (ŞİLİ) | E5: 0 | F5: TÜDAB A.Ş. | G5: FT00000000002 | H5: TÜDAB A.Ş. | I5: CARİ | J5: 5 | K5: 570 | L5: 0 | M5: 2850 | N5: 0 | O5: 5 | P5: 0 | Q5: 570 | R5: 0 | S5: 0 | T5: =IF(OR(C5="MAL ALIMI", C5="ÜRETİM GİRİŞ"), IF(J5 - MAX(0, $I$2 - (SUMIF($C$4:C4, "MAL ALIMI", $J$4:J4) + SUMIF($C$4:C4, "ÜRETİM GİRİŞ", $J$4:J4))) > 0, J5 - MAX(0, $I$2 - (SUMIF($C$4:C4, "MAL ALIMI", $J$4:J4) + SUMIF($C$4:C4, "ÜRETİM GİRİŞ", $J$4:J4))), 0), 0) -> 0 | U5: =T5*K5 -> 0 | V5: =IF(OR(C5="MAL ALIMI", C5="ÜRETİM GİRİŞ"), J5 * K5, 0) -> 2850 | W5: =V5-U5 -> 2850 | X5: TOPLAM MAL ALIŞ (BRİM/KG) | Y5: =(SUMIFS(KASA!I:I,KASA!C:C,B2,KASA!B:B,"MAL ALIMI") + SUMIFS(KASA!I:I,KASA!C:C,B2,KASA!B:B,"ÜRETİM GİRİŞ")) -> 12
B6: 45954 | C6: MAL İADE | D6: CEVİZ KELEBEK (ŞİLİ) | E6: 0 | F6: TÜDAB A.Ş. | G6: IA00000000001 | H6: TÜDAB A.Ş. | I6: CARİ | J6: 5 | K6: 570 | L6: 2850 | M6: 0 | N6: 5 | O6: 0 | P6: 570 | Q6: 0 | R6: 0 | S6: 0 | T6: =IF(OR(C6="MAL ALIMI", C6="ÜRETİM GİRİŞ"), IF(J6 - MAX(0, $I$2 - (SUMIF($C$4:C5, "MAL ALIMI", $J$4:J5) + SUMIF($C$4:C5, "ÜRETİM GİRİŞ", $J$4:J5))) > 0, J6 - MAX(0, $I$2 - (SUMIF($C$4:C5, "MAL ALIMI", $J$4:J5) + SUMIF($C$4:C5, "ÜRETİM GİRİŞ", $J$4:J5))), 0), 0) -> 0 | U6: =T6*K6 -> 0 | V6: =IF(OR(C6="MAL ALIMI", C6="ÜRETİM GİRİŞ"), J6 * K6, 0) -> 0 | W6: =V6-U6 -> 0 | X6: TOPLAM MAL ALIŞ (BRİM/TL) | Y6: =SUM(V:V) -> 6763.285
B7: 46076 | C7: MAL ALIMI | D7: CEVİZ KELEBEK (ŞİLİ) | E7: 0 | F7: TÜDAB A.Ş. | G7: 998909 | H7: TÜDAB A.Ş. | I7: CARİ | J7: 5 | K7: 585 | L7: 0 | M7: 2925 | N7: 0 | O7: 0 | P7: 0 | Q7: 0 | R7: 0 | S7: 0 | T7: =IF(OR(C7="MAL ALIMI", C7="ÜRETİM GİRİŞ"), IF(J7 - MAX(0, $I$2 - (SUMIF($C$4:C6, "MAL ALIMI", $J$4:J6) + SUMIF($C$4:C6, "ÜRETİM GİRİŞ", $J$4:J6))) > 0, J7 - MAX(0, $I$2 - (SUMIF($C$4:C6, "MAL ALIMI", $J$4:J6) + SUMIF($C$4:C6, "ÜRETİM GİRİŞ", $J$4:J6))), 0), 0) -> 0 | U7: =T7*K7 -> 0 | V7: =IF(OR(C7="MAL ALIMI", C7="ÜRETİM GİRİŞ"), J7 * K7, 0) -> 2925 | W7: =V7-U7 -> 2925 | X7: ORTALAMA ALIŞ FİYATI | Y7: =Y6/Y5 -> 563.60708
B8: 46081 | C8: MAL SATIŞI | D8: CEVİZ KELEBEK (ŞİLİ) | E8: 0 | F8: TFK-POS | G8: ST00000001426 | H8: SATIŞ | I8: POS | J8: 1 | K8: 750 | L8: 750 | M8: 0 | N8: 0 | O8: 0 | P8: 0 | Q8: 0 | R8: 0 | S8: 0 | T8: =IF(OR(C8="MAL ALIMI", C8="ÜRETİM GİRİŞ"), IF(J8 - MAX(0, $I$2 - (SUMIF($C$4:C7, "MAL ALIMI", $J$4:J7) + SUMIF($C$4:C7, "ÜRETİM GİRİŞ", $J$4:J7))) > 0, J8 - MAX(0, $I$2 - (SUMIF($C$4:C7, "MAL ALIMI", $J$4:J7) + SUMIF($C$4:C7, "ÜRETİM GİRİŞ", $J$4:J7))), 0), 0) -> 0 | U8: =T8*K8 -> 0 | V8: =IF(OR(C8="MAL ALIMI", C8="ÜRETİM GİRİŞ"), J8 * K8, 0) -> 0 | W8: =V8-U8 -> 0 | X8: TOPLAM SATIŞ ÇIKIŞI BİRİM | Y8: {=SUM(SUMIFS(KASA!I:I, KASA!C:C, B2, KASA!B:B, {"MAL SATIŞI"}))} -> 5.0726667
B9: 46085 | C9: MAL SATIŞI | D9: CEVİZ KELEBEK (ŞİLİ) | E9: 0 | F9: 0 | G9: ST00000001479 | H9: SATIŞ | I9: NAKİT | J9: 0.5 | K9: 750 | L9: 0 | M9: 0 | N9: 0 | O9: 0 | P9: 0 | Q9: 0 | R9: 375 | S9: 0 | T9: =IF(OR(C9="MAL ALIMI", C9="ÜRETİM GİRİŞ"), IF(J9 - MAX(0, $I$2 - (SUMIF($C$4:C8, "MAL ALIMI", $J$4:J8) + SUMIF($C$4:C8, "ÜRETİM GİRİŞ", $J$4:J8))) > 0, J9 - MAX(0, $I$2 - (SUMIF($C$4:C8, "MAL ALIMI", $J$4:J8) + SUMIF($C$4:C8, "ÜRETİM GİRİŞ", $J$4:J8))), 0), 0) -> 0 | U9: =T9*K9 -> 0 | V9: =IF(OR(C9="MAL ALIMI", C9="ÜRETİM GİRİŞ"), J9 * K9, 0) -> 0 | W9: =V9-U9 -> 0 | X9: TOPLAM SATIŞ TL | Y9: =(SUMIFS(KASA!K:K, KASA!C:C, B2, KASA!B:B, "MAL SATIŞI") + SUMIFS(KASA!Q:Q, KASA!C:C, B2, KASA!B:B, "MAL SATIŞI")) -> 3804.5
B10: 46086 | C10: MAL SATIŞI | D10: CEVİZ KELEBEK (ŞİLİ) | E10: 0 | F10: TFK-POS | G10: ST00000001497 | H10: SATIŞ | I10: POS | J10: 0.156 | K10: 750 | L10: 117 | M10: 0 | N10: 0 | O10: 0 | P10: 0 | Q10: 0 | R10: 0 | S10: 0 | T10: =IF(OR(C10="MAL ALIMI", C10="ÜRETİM GİRİŞ"), IF(J10 - MAX(0, $I$2 - (SUMIF($C$4:C9, "MAL ALIMI", $J$4:J9) + SUMIF($C$4:C9, "ÜRETİM GİRİŞ", $J$4:J9))) > 0, J10 - MAX(0, $I$2 - (SUMIF($C$4:C9, "MAL ALIMI", $J$4:J9) + SUMIF($C$4:C9, "ÜRETİM GİRİŞ", $J$4:J9))), 0), 0) -> 0 | U10: =T10*K10 -> 0 | V10: =IF(OR(C10="MAL ALIMI", C10="ÜRETİM GİRİŞ"), J10 * K10, 0) -> 0 | W10: =V10-U10 -> 0 | X10: ORTALAMA SATIŞ FİYATI | Y10: =Y9/Y8 -> 750
B11: 46095 | C11: MAL SATIŞI | D11: CEVİZ KELEBEK (ŞİLİ) | E11: 0 | F11: 0 | G11: ST00000001617 | H11: SATIŞ | I11: NAKİT | J11: 0.504 | K11: 750 | L11: 0 | M11: 0 | N11: 0 | O11: 0 | P11: 0 | Q11: 0 | R11: 378 | S11: 0 | T11: =IF(OR(C11="MAL ALIMI", C11="ÜRETİM GİRİŞ"), IF(J11 - MAX(0, $I$2 - (SUMIF($C$4:C10, "MAL ALIMI", $J$4:J10) + SUMIF($C$4:C10, "ÜRETİM GİRİŞ", $J$4:J10))) > 0, J11 - MAX(0, $I$2 - (SUMIF($C$4:C10, "MAL ALIMI", $J$4:J10) + SUMIF($C$4:C10, "ÜRETİM GİRİŞ", $J$4:J10))), 0), 0) -> 0 | U11: =T11*K11 -> 0 | V11: =IF(OR(C11="MAL ALIMI", C11="ÜRETİM GİRİŞ"), J11 * K11, 0) -> 0 | W11: =V11-U11 -> 0 | X11: TOPLAM İADE ÇIKIŞI BİRİM | Y11: {=SUM(SUMIFS(KASA!I:I, KASA!C:C, B2, KASA!B:B, {"MAL İADE"}))} -> 5
B12: 46113 | C12: MAL SATIŞI | D12: CEVİZ KELEBEK (ŞİLİ) | E12: 0 | F12: TFK-POS | G12: ST00000001787 | H12: SATIŞ | I12: POS | J12: 0.184 | K12: 750 | L12: 138 | M12: 0 | N12: 0 | O12: 0 | P12: 0 | Q12: 0 | R12: 0 | S12: 0 | T12: =IF(OR(C12="MAL ALIMI", C12="ÜRETİM GİRİŞ"), IF(J12 - MAX(0, $I$2 - (SUMIF($C$4:C11, "MAL ALIMI", $J$4:J11) + SUMIF($C$4:C11, "ÜRETİM GİRİŞ", $J$4:J11))) > 0, J12 - MAX(0, $I$2 - (SUMIF($C$4:C11, "MAL ALIMI", $J$4:J11) + SUMIF($C$4:C11, "ÜRETİM GİRİŞ", $J$4:J11))), 0), 0) -> 0 | U12: =T12*K12 -> 0 | V12: =IF(OR(C12="MAL ALIMI", C12="ÜRETİM GİRİŞ"), J12 * K12, 0) -> 0 | W12: =V12-U12 -> 0 | X12: TOPLAM İADE ÇIKIŞI TL | Y12: =(SUMIFS(KASA!K:K, KASA!C:C, B2, KASA!B:B, "MAL İADE") + SUMIFS(KASA!Q:Q, KASA!C:C, B2, KASA!B:B, "MAL İADE")) -> 2850
B13: 46115 | C13: MAL SATIŞI | D13: CEVİZ KELEBEK (ŞİLİ) | E13: 0 | F13: TFK-POS | G13: ST00000001818 | H13: SATIŞ | I13: POS | J13: 1 | K13: 750 | L13: 750 | M13: 0 | N13: 0 | O13: 0 | P13: 0 | Q13: 0 | R13: 0 | S13: 0 | T13: =IF(OR(C13="MAL ALIMI", C13="ÜRETİM GİRİŞ"), IF(J13 - MAX(0, $I$2 - (SUMIF($C$4:C12, "MAL ALIMI", $J$4:J12) + SUMIF($C$4:C12, "ÜRETİM GİRİŞ", $J$4:J12))) > 0, J13 - MAX(0, $I$2 - (SUMIF($C$4:C12, "MAL ALIMI", $J$4:J12) + SUMIF($C$4:C12, "ÜRETİM GİRİŞ", $J$4:J12))), 0), 0) -> 0 | U13: =T13*K13 -> 0 | V13: =IF(OR(C13="MAL ALIMI", C13="ÜRETİM GİRİŞ"), J13 * K13, 0) -> 0 | W13: =V13-U13 -> 0 | X13: TOPLAM ÜRETİM ÇIKIŞI BİRİM | Y13: {=SUM(SUMIFS(KASA!I:I, KASA!C:C, B2, KASA!B:B, {"ÜRETİM ÇIKIŞ"}))} -> 0
B14: 46116 | C14: MAL SATIŞI | D14: CEVİZ KELEBEK (ŞİLİ) | E14: 0 | F14: 0 | G14: ST00000001827 | H14: SATIŞ - SUAT | I14: NAKİT | J14: 0.246 | K14: 750 | L14: 0 | M14: 0 | N14: 0 | O14: 0 | P14: 0 | Q14: 0 | R14: 184.5 | S14: 0 | T14: =IF(OR(C14="MAL ALIMI", C14="ÜRETİM GİRİŞ"), IF(J14 - MAX(0, $I$2 - (SUMIF($C$4:C13, "MAL ALIMI", $J$4:J13) + SUMIF($C$4:C13, "ÜRETİM GİRİŞ", $J$4:J13))) > 0, J14 - MAX(0, $I$2 - (SUMIF($C$4:C13, "MAL ALIMI", $J$4:J13) + SUMIF($C$4:C13, "ÜRETİM GİRİŞ", $J$4:J13))), 0), 0) -> 0 | U14: =T14*K14 -> 0 | V14: =IF(OR(C14="MAL ALIMI", C14="ÜRETİM GİRİŞ"), J14 * K14, 0) -> 0 | W14: =V14-U14 -> 0 | X14: TOPLAM ÜRETİM ÇIKIŞI TL | Y14: =(SUMIFS(KASA!K:K, KASA!C:C, B2, KASA!B:B, "ÜRETİM ÇIKIŞ") + SUMIFS(KASA!Q:Q, KASA!C:C, B2, KASA!B:B, "ÜRETİM ÇIKIŞ")) -> 0
B15: 46124 | C15: MAL SATIŞI | D15: CEVİZ KELEBEK (ŞİLİ) | E15: 0 | F15: TFK-POS | G15: ST00000001917 | H15: SATIŞ | I15: POS | J15: 0.5 | K15: 750 | L15: 375 | M15: 0 | N15: 0 | O15: 0 | P15: 0 | Q15: 0 | R15: 0 | S15: 0 | T15: =IF(OR(C15="MAL ALIMI", C15="ÜRETİM GİRİŞ"), IF(J15 - MAX(0, $I$2 - (SUMIF($C$4:C14, "MAL ALIMI", $J$4:J14) + SUMIF($C$4:C14, "ÜRETİM GİRİŞ", $J$4:J14))) > 0, J15 - MAX(0, $I$2 - (SUMIF($C$4:C14, "MAL ALIMI", $J$4:J14) + SUMIF($C$4:C14, "ÜRETİM GİRİŞ", $J$4:J14))), 0), 0) -> 0 | U15: =T15*K15 -> 0 | V15: =IF(OR(C15="MAL ALIMI", C15="ÜRETİM GİRİŞ"), J15 * K15, 0) -> 0 | W15: =V15-U15 -> 0 | X15: KALAN STOK BİRİM | Y15: =SUM(T:T) -> 1.9273333
B16: 46147 | C16: MAL SATIŞI | D16: CEVİZ KELEBEK (ŞİLİ) | E16: 0 | F16: 0 | G16: ST00000002180 | H16: SATIŞ | I16: NAKİT | J16: 0.13333333 | K16: 750 | L16: 0 | M16: 0 | N16: 0 | O16: 0 | P16: 0 | Q16: 0 | R16: 100 | S16: 0 | T16: =IF(OR(C16="MAL ALIMI", C16="ÜRETİM GİRİŞ"), IF(J16 - MAX(0, $I$2 - (SUMIF($C$4:C15, "MAL ALIMI", $J$4:J15) + SUMIF($C$4:C15, "ÜRETİM GİRİŞ", $J$4:J15))) > 0, J16 - MAX(0, $I$2 - (SUMIF($C$4:C15, "MAL ALIMI", $J$4:J15) + SUMIF($C$4:C15, "ÜRETİM GİRİŞ", $J$4:J15))), 0), 0) -> 0 | U16: =T16*K16 -> 0 | V16: =IF(OR(C16="MAL ALIMI", C16="ÜRETİM GİRİŞ"), J16 * K16, 0) -> 0 | W16: =V16-U16 -> 0 | X16: KALAN STOK TL | Y16: =SUM(U:U) -> 952.37731
B17: 46160 | C17: MAL SATIŞI | D17: CEVİZ KELEBEK (ŞİLİ) | E17: 0 | F17: TFK-POS | G17: ST00000002294 | H17: SATIŞ | I17: POS | J17: 0.5 | K17: 750 | L17: 375 | M17: 0 | N17: 0 | O17: 0 | P17: 0 | Q17: 0 | R17: 0 | S17: 0 | T17: =IF(OR(C17="MAL ALIMI", C17="ÜRETİM GİRİŞ"), IF(J17 - MAX(0, $I$2 - (SUMIF($C$4:C16, "MAL ALIMI", $J$4:J16) + SUMIF($C$4:C16, "ÜRETİM GİRİŞ", $J$4:J16))) > 0, J17 - MAX(0, $I$2 - (SUMIF($C$4:C16, "MAL ALIMI", $J$4:J16) + SUMIF($C$4:C16, "ÜRETİM GİRİŞ", $J$4:J16))), 0), 0) -> 0 | U17: =T17*K17 -> 0 | V17: =IF(OR(C17="MAL ALIMI", C17="ÜRETİM GİRİŞ"), J17 * K17, 0) -> 0 | W17: =V17-U17 -> 0
B18: 46167 | C18: MAL SATIŞI | D18: CEVİZ KELEBEK (ŞİLİ) | E18: 0 | F18: TFK-POS | G18: ST00000002356 | H18: SATIŞ | I18: POS | J18: 0.2 | K18: 750 | L18: 150 | M18: 0 | N18: 0 | O18: 0 | P18: 0 | Q18: 0 | R18: 0 | S18: 0 | T18: =IF(OR(C18="MAL ALIMI", C18="ÜRETİM GİRİŞ"), IF(J18 - MAX(0, $I$2 - (SUMIF($C$4:C17, "MAL ALIMI", $J$4:J17) + SUMIF($C$4:C17, "ÜRETİM GİRİŞ", $J$4:J17))) > 0, J18 - MAX(0, $I$2 - (SUMIF($C$4:C17, "MAL ALIMI", $J$4:J17) + SUMIF($C$4:C17, "ÜRETİM GİRİŞ", $J$4:J17))), 0), 0) -> 0 | U18: =T18*K18 -> 0 | V18: =IF(OR(C18="MAL ALIMI", C18="ÜRETİM GİRİŞ"), J18 * K18, 0) -> 0 | W18: =V18-U18 -> 0
B19: 46191 | C19: MAL SATIŞI | D19: CEVİZ KELEBEK (ŞİLİ) | E19: 0 | F19: TFK-POS | G19: ST00000002519 | H19: SATIŞ | I19: POS | J19: 0.14933333 | K19: 750 | L19: 112 | M19: 0 | N19: 0 | O19: 0 | P19: 0 | Q19: 0 | R19: 0 | S19: 0 | T19: =IF(OR(C19="MAL ALIMI", C19="ÜRETİM GİRİŞ"), IF(J19 - MAX(0, $I$2 - (SUMIF($C$4:C18, "MAL ALIMI", $J$4:J18) + SUMIF($C$4:C18, "ÜRETİM GİRİŞ", $J$4:J18))) > 0, J19 - MAX(0, $I$2 - (SUMIF($C$4:C18, "MAL ALIMI", $J$4:J18) + SUMIF($C$4:C18, "ÜRETİM GİRİŞ", $J$4:J18))), 0), 0) -> 0 | U19: =T19*K19 -> 0 | V19: =IF(OR(C19="MAL ALIMI", C19="ÜRETİM GİRİŞ"), J19 * K19, 0) -> 0 | W19: =V19-U19 -> 0
B20: 46219 | C20: MAL ALIMI | D20: CEVİZ KELEBEK (ŞİLİ) | E20: 0 | F20: NEVANTAT KURUYEMİŞ | G20: NTA20260000000259 | H20: NEVANTAT MAL ALIMI | I20: CARİ | J20: 2 | K20: 494.1425 | L20: 0 | M20: 988.285 | N20: 0 | O20: 0 | P20: 0 | Q20: 0 | R20: 0 | S20: 0 | T20: =IF(OR(C20="MAL ALIMI", C20="ÜRETİM GİRİŞ"), IF(J20 - MAX(0, $I$2 - (SUMIF($C$4:C19, "MAL ALIMI", $J$4:J19) + SUMIF($C$4:C19, "ÜRETİM GİRİŞ", $J$4:J19))) > 0, J20 - MAX(0, $I$2 - (SUMIF($C$4:C19, "MAL ALIMI", $J$4:J19) + SUMIF($C$4:C19, "ÜRETİM GİRİŞ", $J$4:J19))), 0), 0) -> 1.9273333 | U20: =T20*K20 -> 952.37731 | V20: =IF(OR(C20="MAL ALIMI", C20="ÜRETİM GİRİŞ"), J20 * K20, 0) -> 988.285 | W20: =V20-U20 -> 35.907688
T21: =IF(OR(C21="MAL ALIMI", C21="ÜRETİM GİRİŞ"), IF(J21 - MAX(0, $I$2 - (SUMIF($C$4:C20, "MAL ALIMI", $J$4:J20) + SUMIF($C$4:C20, "ÜRETİM GİRİŞ", $J$4:J20))) > 0, J21 - MAX(0, $I$2 - (SUMIF($C$4:C20, "MAL ALIMI", $J$4:J20) + SUMIF($C$4:C20, "ÜRETİM GİRİŞ", $J$4:J20))), 0), 0) -> 0 | U21: =T21*K21 -> 0 | V21: =IF(OR(C21="MAL ALIMI", C21="ÜRETİM GİRİŞ"), J21 * K21, 0) -> 0 | W21: =V21-U21 -> 0
T22: =IF(OR(C22="MAL ALIMI", C22="ÜRETİM GİRİŞ"), IF(J22 - MAX(0, $I$2 - (SUMIF($C$4:C21, "MAL ALIMI", $J$4:J21) + SUMIF($C$4:C21, "ÜRETİM GİRİŞ", $J$4:J21))) > 0, J22 - MAX(0, $I$2 - (SUMIF($C$4:C21, "MAL ALIMI", $J$4:J21) + SUMIF($C$4:C21, "ÜRETİM GİRİŞ", $J$4:J21))), 0), 0) -> 0 | U22: =T22*K22 -> 0 | V22: =IF(OR(C22="MAL ALIMI", C22="ÜRETİM GİRİŞ"), J22 * K22, 0) -> 0 | W22: =V22-U22 -> 0
T23: =IF(OR(C23="MAL ALIMI", C23="ÜRETİM GİRİŞ"), IF(J23 - MAX(0, $I$2 - (SUMIF($C$4:C22, "MAL ALIMI", $J$4:J22) + SUMIF($C$4:C22, "ÜRETİM GİRİŞ", $J$4:J22))) > 0, J23 - MAX(0, $I$2 - (SUMIF($C$4:C22, "MAL ALIMI", $J$4:J22) + SUMIF($C$4:C22, "ÜRETİM GİRİŞ", $J$4:J22))), 0), 0) -> 0 | U23: =T23*K23 -> 0 | V23: =IF(OR(C23="MAL ALIMI", C23="ÜRETİM GİRİŞ"), J23 * K23, 0) -> 0 | W23: =V23-U23 -> 0
T24: =IF(OR(C24="MAL ALIMI", C24="ÜRETİM GİRİŞ"), IF(J24 - MAX(0, $I$2 - (SUMIF($C$4:C23, "MAL ALIMI", $J$4:J23) + SUMIF($C$4:C23, "ÜRETİM GİRİŞ", $J$4:J23))) > 0, J24 - MAX(0, $I$2 - (SUMIF($C$4:C23, "MAL ALIMI", $J$4:J23) + SUMIF($C$4:C23, "ÜRETİM GİRİŞ", $J$4:J23))), 0), 0) -> 0 | U24: =T24*K24 -> 0 | V24: =IF(OR(C24="MAL ALIMI", C24="ÜRETİM GİRİŞ"), J24 * K24, 0) -> 0 | W24: =V24-U24 -> 0
T25: =IF(OR(C25="MAL ALIMI", C25="ÜRETİM GİRİŞ"), IF(J25 - MAX(0, $I$2 - (SUMIF($C$4:C24, "MAL ALIMI", $J$4:J24) + SUMIF($C$4:C24, "ÜRETİM GİRİŞ", $J$4:J24))) > 0, J25 - MAX(0, $I$2 - (SUMIF($C$4:C24, "MAL ALIMI", $J$4:J24) + SUMIF($C$4:C24, "ÜRETİM GİRİŞ", $J$4:J24))), 0), 0) -> 0 | U25: =T25*K25 -> 0 | V25: =IF(OR(C25="MAL ALIMI", C25="ÜRETİM GİRİŞ"), J25 * K25, 0) -> 0 | W25: =V25-U25 -> 0
T26: =IF(OR(C26="MAL ALIMI", C26="ÜRETİM GİRİŞ"), IF(J26 - MAX(0, $I$2 - (SUMIF($C$4:C25, "MAL ALIMI", $J$4:J25) + SUMIF($C$4:C25, "ÜRETİM GİRİŞ", $J$4:J25))) > 0, J26 - MAX(0, $I$2 - (SUMIF($C$4:C25, "MAL ALIMI", $J$4:J25) + SUMIF($C$4:C25, "ÜRETİM GİRİŞ", $J$4:J25))), 0), 0) -> 0 | U26: =T26*K26 -> 0 | V26: =IF(OR(C26="MAL ALIMI", C26="ÜRETİM GİRİŞ"), J26 * K26, 0) -> 0 | W26: =V26-U26 -> 0
T27: =IF(OR(C27="MAL ALIMI", C27="ÜRETİM GİRİŞ"), IF(J27 - MAX(0, $I$2 - (SUMIF($C$4:C26, "MAL ALIMI", $J$4:J26) + SUMIF($C$4:C26, "ÜRETİM GİRİŞ", $J$4:J26))) > 0, J27 - MAX(0, $I$2 - (SUMIF($C$4:C26, "MAL ALIMI", $J$4:J26) + SUMIF($C$4:C26, "ÜRETİM GİRİŞ", $J$4:J26))), 0), 0) -> 0 | U27: =T27*K27 -> 0 | V27: =IF(OR(C27="MAL ALIMI", C27="ÜRETİM GİRİŞ"), J27 * K27, 0) -> 0 | W27: =V27-U27 -> 0
T28: =IF(OR(C28="MAL ALIMI", C28="ÜRETİM GİRİŞ"), IF(J28 - MAX(0, $I$2 - (SUMIF($C$4:C27, "MAL ALIMI", $J$4:J27) + SUMIF($C$4:C27, "ÜRETİM GİRİŞ", $J$4:J27))) > 0, J28 - MAX(0, $I$2 - (SUMIF($C$4:C27, "MAL ALIMI", $J$4:J27) + SUMIF($C$4:C27, "ÜRETİM GİRİŞ", $J$4:J27))), 0), 0) -> 0 | U28: =T28*K28 -> 0 | V28: =IF(OR(C28="MAL ALIMI", C28="ÜRETİM GİRİŞ"), J28 * K28, 0) -> 0 | W28: =V28-U28 -> 0
T29: =IF(OR(C29="MAL ALIMI", C29="ÜRETİM GİRİŞ"), IF(J29 - MAX(0, $I$2 - (SUMIF($C$4:C28, "MAL ALIMI", $J$4:J28) + SUMIF($C$4:C28, "ÜRETİM GİRİŞ", $J$4:J28))) > 0, J29 - MAX(0, $I$2 - (SUMIF($C$4:C28, "MAL ALIMI", $J$4:J28) + SUMIF($C$4:C28, "ÜRETİM GİRİŞ", $J$4:J28))), 0), 0) -> 0 | U29: =T29*K29 -> 0 | V29: =IF(OR(C29="MAL ALIMI", C29="ÜRETİM GİRİŞ"), J29 * K29, 0) -> 0 | W29: =V29-U29 -> 0
T30: =IF(OR(C30="MAL ALIMI", C30="ÜRETİM GİRİŞ"), IF(J30 - MAX(0, $I$2 - (SUMIF($C$4:C29, "MAL ALIMI", $J$4:J29) + SUMIF($C$4:C29, "ÜRETİM GİRİŞ", $J$4:J29))) > 0, J30 - MAX(0, $I$2 - (SUMIF($C$4:C29, "MAL ALIMI", $J$4:J29) + SUMIF($C$4:C29, "ÜRETİM GİRİŞ", $J$4:J29))), 0), 0) -> 0 | U30: =T30*K30 -> 0 | V30: =IF(OR(C30="MAL ALIMI", C30="ÜRETİM GİRİŞ"), J30 * K30, 0) -> 0 | W30: =V30-U30 -> 0
T31: =IF(OR(C31="MAL ALIMI", C31="ÜRETİM GİRİŞ"), IF(J31 - MAX(0, $I$2 - (SUMIF($C$4:C30, "MAL ALIMI", $J$4:J30) + SUMIF($C$4:C30, "ÜRETİM GİRİŞ", $J$4:J30))) > 0, J31 - MAX(0, $I$2 - (SUMIF($C$4:C30, "MAL ALIMI", $J$4:J30) + SUMIF($C$4:C30, "ÜRETİM GİRİŞ", $J$4:J30))), 0), 0) -> 0 | U31: =T31*K31 -> 0 | V31: =IF(OR(C31="MAL ALIMI", C31="ÜRETİM GİRİŞ"), J31 * K31, 0) -> 0 | W31: =V31-U31 -> 0
T32: =IF(OR(C32="MAL ALIMI", C32="ÜRETİM GİRİŞ"), IF(J32 - MAX(0, $I$2 - (SUMIF($C$4:C31, "MAL ALIMI", $J$4:J31) + SUMIF($C$4:C31, "ÜRETİM GİRİŞ", $J$4:J31))) > 0, J32 - MAX(0, $I$2 - (SUMIF($C$4:C31, "MAL ALIMI", $J$4:J31) + SUMIF($C$4:C31, "ÜRETİM GİRİŞ", $J$4:J31))), 0), 0) -> 0 | U32: =T32*K32 -> 0 | V32: =IF(OR(C32="MAL ALIMI", C32="ÜRETİM GİRİŞ"), J32 * K32, 0) -> 0 | W32: =V32-U32 -> 0
... T58: =IF(OR(C58="MAL ALIMI", C58="ÜRETİM GİRİŞ"), IF(J58 - MAX(0, $I$2 - (SUMIF($C$4:C57, "MAL ALIMI", $J$4:J57) + SUMIF($C$4:C57, "ÜRETİM GİRİŞ", $J$4:J57))) > 0, J58 - MAX(0, $I$2 - (SUMIF($C$4:C57, "MAL ALIMI", $J$4:J57) + SUMIF($C$4:C57, "ÜRETİM GİRİŞ", $J$4:J57))), 0), 0) -> 0 | U58: =T58*K58 -> 0 | V58: =IF(OR(C58="MAL ALIMI", C58="ÜRETİM GİRİŞ"), J58 * K58, 0) -> 0 | W58: =V58-U58 -> 0
T59: =IF(OR(C59="MAL ALIMI", C59="ÜRETİM GİRİŞ"), IF(J59 - MAX(0, $I$2 - (SUMIF($C$4:C58, "MAL ALIMI", $J$4:J58) + SUMIF($C$4:C58, "ÜRETİM GİRİŞ", $J$4:J58))) > 0, J59 - MAX(0, $I$2 - (SUMIF($C$4:C58, "MAL ALIMI", $J$4:J58) + SUMIF($C$4:C58, "ÜRETİM GİRİŞ", $J$4:J58))), 0), 0) -> 0 | U59: =T59*J59 -> 0 | V59: =IF(OR(C59="MAL ALIMI", C59="ÜRETİM GİRİŞ"),#REF! * J59, 0) -> 0 | W59: =V59-U59 -> 0
T60: =IF(OR(C60="MAL ALIMI", C60="ÜRETİM GİRİŞ"), IF(J60 - MAX(0, $I$2 - (SUMIF($C$4:C59, "MAL ALIMI", $J$4:J59) + SUMIF($C$4:C59, "ÜRETİM GİRİŞ", $J$4:J59))) > 0, J60 - MAX(0, $I$2 - (SUMIF($C$4:C59, "MAL ALIMI", $J$4:J59) + SUMIF($C$4:C59, "ÜRETİM GİRİŞ", $J$4:J59))), 0), 0) -> 0 | U60: =T60*K60 -> 0 | V60: =IF(OR(C60="MAL ALIMI", C60="ÜRETİM GİRİŞ"), J60 * K60, 0) -> 0 | W60: =V60-U60 -> 0
T61: =IF(OR(C61="MAL ALIMI", C61="ÜRETİM GİRİŞ"), IF(J61 - MAX(0, $I$2 - (SUMIF($C$4:C60, "MAL ALIMI", $J$4:J60) + SUMIF($C$4:C60, "ÜRETİM GİRİŞ", $J$4:J60))) > 0, J61 - MAX(0, $I$2 - (SUMIF($C$4:C60, "MAL ALIMI", $J$4:J60) + SUMIF($C$4:C60, "ÜRETİM GİRİŞ", $J$4:J60))), 0), 0) -> 0 | U61: =T61*K61 -> 0 | V61: =IF(OR(C61="MAL ALIMI", C61="ÜRETİM GİRİŞ"), J61 * K61, 0) -> 0 | W61: =V61-U61 -> 0
T62: =IF(OR(C62="MAL ALIMI", C62="ÜRETİM GİRİŞ"), IF(J62 - MAX(0, $I$2 - (SUMIF($C$4:C61, "MAL ALIMI", $J$4:J61) + SUMIF($C$4:C61, "ÜRETİM GİRİŞ", $J$4:J61))) > 0, J62 - MAX(0, $I$2 - (SUMIF($C$4:C61, "MAL ALIMI", $J$4:J61) + SUMIF($C$4:C61, "ÜRETİM GİRİŞ", $J$4:J61))), 0), 0) -> 0 | U62: =T62*K62 -> 0 | V62: =IF(OR(C62="MAL ALIMI", C62="ÜRETİM GİRİŞ"), J62 * K62, 0) -> 0 | W62: =V62-U62 -> 0
T63: =IF(OR(C63="MAL ALIMI", C63="ÜRETİM GİRİŞ"), IF(J63 - MAX(0, $I$2 - (SUMIF($C$4:C62, "MAL ALIMI", $J$4:J62) + SUMIF($C$4:C62, "ÜRETİM GİRİŞ", $J$4:J62))) > 0, J63 - MAX(0, $I$2 - (SUMIF($C$4:C62, "MAL ALIMI", $J$4:J62) + SUMIF($C$4:C62, "ÜRETİM GİRİŞ", $J$4:J62))), 0), 0) -> 0 | U63: =T63*K63 -> 0 | V63: =IF(OR(C63="MAL ALIMI", C63="ÜRETİM GİRİŞ"), J63 * K63, 0) -> 0 | W63: =V63-U63 -> 0
T64: =IF(OR(C64="MAL ALIMI", C64="ÜRETİM GİRİŞ"), IF(J64 - MAX(0, $I$2 - (SUMIF($C$4:C63, "MAL ALIMI", $J$4:J63) + SUMIF($C$4:C63, "ÜRETİM GİRİŞ", $J$4:J63))) > 0, J64 - MAX(0, $I$2 - (SUMIF($C$4:C63, "MAL ALIMI", $J$4:J63) + SUMIF($C$4:C63, "ÜRETİM GİRİŞ", $J$4:J63))), 0), 0) -> 0 | U64: =T64*K64 -> 0 | V64: =IF(OR(C64="MAL ALIMI", C64="ÜRETİM GİRİŞ"), J64 * K64, 0) -> 0 | W64: =V64-U64 -> 0
T65: =IF(OR(C65="MAL ALIMI", C65="ÜRETİM GİRİŞ"), IF(J65 - MAX(0, $I$2 - (SUMIF($C$4:C64, "MAL ALIMI", $J$4:J64) + SUMIF($C$4:C64, "ÜRETİM GİRİŞ", $J$4:J64))) > 0, J65 - MAX(0, $I$2 - (SUMIF($C$4:C64, "MAL ALIMI", $J$4:J64) + SUMIF($C$4:C64, "ÜRETİM GİRİŞ", $J$4:J64))), 0), 0) -> 0 | U65: =T65*K65 -> 0 | V65: =IF(OR(C65="MAL ALIMI", C65="ÜRETİM GİRİŞ"), J65 * K65, 0) -> 0 | W65: =V65-U65 -> 0
T66: =IF(OR(C66="MAL ALIMI", C66="ÜRETİM GİRİŞ"), IF(J66 - MAX(0, $I$2 - (SUMIF($C$4:C65, "MAL ALIMI", $J$4:J65) + SUMIF($C$4:C65, "ÜRETİM GİRİŞ", $J$4:J65))) > 0, J66 - MAX(0, $I$2 - (SUMIF($C$4:C65, "MAL ALIMI", $J$4:J65) + SUMIF($C$4:C65, "ÜRETİM GİRİŞ", $J$4:J65))), 0), 0) -> 0 | U66: =T66*K66 -> 0 | V66: =IF(OR(C66="MAL ALIMI", C66="ÜRETİM GİRİŞ"), J66 * K66, 0) -> 0 | W66: =V66-U66 -> 0
T67: =IF(OR(C67="MAL ALIMI", C67="ÜRETİM GİRİŞ"), IF(J67 - MAX(0, $I$2 - (SUMIF($C$4:C66, "MAL ALIMI", $J$4:J66) + SUMIF($C$4:C66, "ÜRETİM GİRİŞ", $J$4:J66))) > 0, J67 - MAX(0, $I$2 - (SUMIF($C$4:C66, "MAL ALIMI", $J$4:J66) + SUMIF($C$4:C66, "ÜRETİM GİRİŞ", $J$4:J66))), 0), 0) -> 0 | U67: =T67*K67 -> 0 | V67: =IF(OR(C67="MAL ALIMI", C67="ÜRETİM GİRİŞ"), J67 * K67, 0) -> 0 | W67: =V67-U67 -> 0
T68: =IF(OR(C68="MAL ALIMI", C68="ÜRETİM GİRİŞ"), IF(J68 - MAX(0, $I$2 - (SUMIF($C$4:C67, "MAL ALIMI", $J$4:J67) + SUMIF($C$4:C67, "ÜRETİM GİRİŞ", $J$4:J67))) > 0, J68 - MAX(0, $I$2 - (SUMIF($C$4:C67, "MAL ALIMI", $J$4:J67) + SUMIF($C$4:C67, "ÜRETİM GİRİŞ", $J$4:J67))), 0), 0) -> 0 | U68: =T68*K68 -> 0 | V68: =IF(OR(C68="MAL ALIMI", C68="ÜRETİM GİRİŞ"), J68 * K68, 0) -> 0 | W68: =V68-U68 -> 0
T69: =IF(OR(C69="MAL ALIMI", C69="ÜRETİM GİRİŞ"), IF(J69 - MAX(0, $I$2 - (SUMIF($C$4:C68, "MAL ALIMI", $J$4:J68) + SUMIF($C$4:C68, "ÜRETİM GİRİŞ", $J$4:J68))) > 0, J69 - MAX(0, $I$2 - (SUMIF($C$4:C68, "MAL ALIMI", $J$4:J68) + SUMIF($C$4:C68, "ÜRETİM GİRİŞ", $J$4:J68))), 0), 0) -> 0 | U69: =T69*K69 -> 0 | V69: =IF(OR(C69="MAL ALIMI", C69="ÜRETİM GİRİŞ"), J69 * K69, 0) -> 0 | W69: =V69-U69 -> 0
T70: =IF(OR(C70="MAL ALIMI", C70="ÜRETİM GİRİŞ"), IF(J70 - MAX(0, $I$2 - (SUMIF($C$4:C69, "MAL ALIMI", $J$4:J69) + SUMIF($C$4:C69, "ÜRETİM GİRİŞ", $J$4:J69))) > 0, J70 - MAX(0, $I$2 - (SUMIF($C$4:C69, "MAL ALIMI", $J$4:J69) + SUMIF($C$4:C69, "ÜRETİM GİRİŞ", $J$4:J69))), 0), 0) -> 0 | U70: =T70*K70 -> 0 | V70: =IF(OR(C70="MAL ALIMI", C70="ÜRETİM GİRİŞ"), J70 * K70, 0) -> 0 | W70: =V70-U70 -> 0
T71: =IF(OR(C71="MAL ALIMI", C71="ÜRETİM GİRİŞ"), IF(J71 - MAX(0, $I$2 - (SUMIF($C$4:C70, "MAL ALIMI", $J$4:J70) + SUMIF($C$4:C70, "ÜRETİM GİRİŞ", $J$4:J70))) > 0, J71 - MAX(0, $I$2 - (SUMIF($C$4:C70, "MAL ALIMI", $J$4:J70) + SUMIF($C$4:C70, "ÜRETİM GİRİŞ", $J$4:J70))), 0), 0) -> 0 | U71: =T71*K71 -> 0 | V71: =IF(OR(C71="MAL ALIMI", C71="ÜRETİM GİRİŞ"), J71 * K71, 0) -> 0 | W71: =V71-U71 -> 0
... T120: =IF(OR(C120="MAL ALIMI", C120="ÜRETİM GİRİŞ"), IF(J120 - MAX(0, $I$2 - (SUMIF($C$4:C119, "MAL ALIMI", $J$4:J119) + SUMIF($C$4:C119, "ÜRETİM GİRİŞ", $J$4:J119))) > 0, J120 - MAX(0, $I$2 - (SUMIF($C$4:C119, "MAL ALIMI", $J$4:J119) + SUMIF($C$4:C119, "ÜRETİM GİRİŞ", $J$4:J119))), 0), 0) -> 0 | U120: =T120*K120 -> 0 | V120: =IF(OR(C120="MAL ALIMI", C120="ÜRETİM GİRİŞ"), J120 * K120, 0) -> 0 | W120: =V120-U120 -> 0
T121: =IF(OR(C121="MAL ALIMI", C121="ÜRETİM GİRİŞ"), IF(J121 - MAX(0, $I$2 - (SUMIF($C$4:C120, "MAL ALIMI", $J$4:J120) + SUMIF($C$4:C120, "ÜRETİM GİRİŞ", $J$4:J120))) > 0, J121 - MAX(0, $I$2 - (SUMIF($C$4:C120, "MAL ALIMI", $J$4:J120) + SUMIF($C$4:C120, "ÜRETİM GİRİŞ", $J$4:J120))), 0), 0) -> 0 | U121: =T121*K121 -> 0 | V121: =IF(OR(C121="MAL ALIMI", C121="ÜRETİM GİRİŞ"), J121 * K121, 0) -> 0
T122: =IF(OR(C122="MAL ALIMI", C122="ÜRETİM GİRİŞ"), IF(J122 - MAX(0, $I$2 - (SUMIF($C$4:C121, "MAL ALIMI", $J$4:J121) + SUMIF($C$4:C121, "ÜRETİM GİRİŞ", $J$4:J121))) > 0, J122 - MAX(0, $I$2 - (SUMIF($C$4:C121, "MAL ALIMI", $J$4:J121) + SUMIF($C$4:C121, "ÜRETİM GİRİŞ", $J$4:J121))), 0), 0) -> 0 | U122: =T122*K122 -> 0 | V122: =IF(OR(C122="MAL ALIMI", C122="ÜRETİM GİRİŞ"), J122 * K122, 0) -> 0
T123: =IF(OR(C123="MAL ALIMI", C123="ÜRETİM GİRİŞ"), IF(J123 - MAX(0, $I$2 - (SUMIF($C$4:C122, "MAL ALIMI", $J$4:J122) + SUMIF($C$4:C122, "ÜRETİM GİRİŞ", $J$4:J122))) > 0, J123 - MAX(0, $I$2 - (SUMIF($C$4:C122, "MAL ALIMI", $J$4:J122) + SUMIF($C$4:C122, "ÜRETİM GİRİŞ", $J$4:J122))), 0), 0) -> 0 | U123: =T123*K123 -> 0 | V123: =IF(OR(C123="MAL ALIMI", C123="ÜRETİM GİRİŞ"), J123 * K123, 0) -> 0
T124: =IF(OR(C124="MAL ALIMI", C124="ÜRETİM GİRİŞ"), IF(J124 - MAX(0, $I$2 - (SUMIF($C$4:C123, "MAL ALIMI", $J$4:J123) + SUMIF($C$4:C123, "ÜRETİM GİRİŞ", $J$4:J123))) > 0, J124 - MAX(0, $I$2 - (SUMIF($C$4:C123, "MAL ALIMI", $J$4:J123) + SUMIF($C$4:C123, "ÜRETİM GİRİŞ", $J$4:J123))), 0), 0) -> 0 | U124: =T124*K124 -> 0 | V124: =IF(OR(C124="MAL ALIMI", C124="ÜRETİM GİRİŞ"), J124 * K124, 0) -> 0
T125: =IF(OR(C125="MAL ALIMI", C125="ÜRETİM GİRİŞ"), IF(J125 - MAX(0, $I$2 - (SUMIF($C$4:C124, "MAL ALIMI", $J$4:J124) + SUMIF($C$4:C124, "ÜRETİM GİRİŞ", $J$4:J124))) > 0, J125 - MAX(0, $I$2 - (SUMIF($C$4:C124, "MAL ALIMI", $J$4:J124) + SUMIF($C$4:C124, "ÜRETİM GİRİŞ", $J$4:J124))), 0), 0) -> 0 | U125: =T125*K125 -> 0 | V125: =IF(OR(C125="MAL ALIMI", C125="ÜRETİM GİRİŞ"), J125 * K125, 0) -> 0
T126: =IF(OR(C126="MAL ALIMI", C126="ÜRETİM GİRİŞ"), IF(J126 - MAX(0, $I$2 - (SUMIF($C$4:C125, "MAL ALIMI", $J$4:J125) + SUMIF($C$4:C125, "ÜRETİM GİRİŞ", $J$4:J125))) > 0, J126 - MAX(0, $I$2 - (SUMIF($C$4:C125, "MAL ALIMI", $J$4:J125) + SUMIF($C$4:C125, "ÜRETİM GİRİŞ", $J$4:J125))), 0), 0) -> 0 | U126: =T126*K126 -> 0 | V126: =IF(OR(C126="MAL ALIMI", C126="ÜRETİM GİRİŞ"), J126 * K126, 0) -> 0
T127: =IF(OR(C127="MAL ALIMI", C127="ÜRETİM GİRİŞ"), IF(J127 - MAX(0, $I$2 - (SUMIF($C$4:C126, "MAL ALIMI", $J$4:J126) + SUMIF($C$4:C126, "ÜRETİM GİRİŞ", $J$4:J126))) > 0, J127 - MAX(0, $I$2 - (SUMIF($C$4:C126, "MAL ALIMI", $J$4:J126) + SUMIF($C$4:C126, "ÜRETİM GİRİŞ", $J$4:J126))), 0), 0) -> 0 | U127: =T127*K127 -> 0 | V127: =IF(OR(C127="MAL ALIMI", C127="ÜRETİM GİRİŞ"), J127 * K127, 0) -> 0
T128: =IF(OR(C128="MAL ALIMI", C128="ÜRETİM GİRİŞ"), IF(J128 - MAX(0, $I$2 - (SUMIF($C$4:C127, "MAL ALIMI", $J$4:J127) + SUMIF($C$4:C127, "ÜRETİM GİRİŞ", $J$4:J127))) > 0, J128 - MAX(0, $I$2 - (SUMIF($C$4:C127, "MAL ALIMI", $J$4:J127) + SUMIF($C$4:C127, "ÜRETİM GİRİŞ", $J$4:J127))), 0), 0) -> 0 | U128: =T128*K128 -> 0 | V128: =IF(OR(C128="MAL ALIMI", C128="ÜRETİM GİRİŞ"), J128 * K128, 0) -> 0
T129: =IF(OR(C129="MAL ALIMI", C129="ÜRETİM GİRİŞ"), IF(J129 - MAX(0, $I$2 - (SUMIF($C$4:C128, "MAL ALIMI", $J$4:J128) + SUMIF($C$4:C128, "ÜRETİM GİRİŞ", $J$4:J128))) > 0, J129 - MAX(0, $I$2 - (SUMIF($C$4:C128, "MAL ALIMI", $J$4:J128) + SUMIF($C$4:C128, "ÜRETİM GİRİŞ", $J$4:J128))), 0), 0) -> 0 | U129: =T129*K129 -> 0 | V129: =IF(OR(C129="MAL ALIMI", C129="ÜRETİM GİRİŞ"), J129 * K129, 0) -> 0
T130: =IF(OR(C130="MAL ALIMI", C130="ÜRETİM GİRİŞ"), IF(J130 - MAX(0, $I$2 - (SUMIF($C$4:C129, "MAL ALIMI", $J$4:J129) + SUMIF($C$4:C129, "ÜRETİM GİRİŞ", $J$4:J129))) > 0, J130 - MAX(0, $I$2 - (SUMIF($C$4:C129, "MAL ALIMI", $J$4:J129) + SUMIF($C$4:C129, "ÜRETİM GİRİŞ", $J$4:J129))), 0), 0) -> 0 | U130: =T130*K130 -> 0 | V130: =IF(OR(C130="MAL ALIMI", C130="ÜRETİM GİRİŞ"), J130 * K130, 0) -> 0
T131: =IF(OR(C131="MAL ALIMI", C131="ÜRETİM GİRİŞ"), IF(J131 - MAX(0, $I$2 - (SUMIF($C$4:C130, "MAL ALIMI", $J$4:J130) + SUMIF($C$4:C130, "ÜRETİM GİRİŞ", $J$4:J130))) > 0, J131 - MAX(0, $I$2 - (SUMIF($C$4:C130, "MAL ALIMI", $J$4:J130) + SUMIF($C$4:C130, "ÜRETİM GİRİŞ", $J$4:J130))), 0), 0) -> 0 | U131: =T131*K131 -> 0 | V131: =IF(OR(C131="MAL ALIMI", C131="ÜRETİM GİRİŞ"), J131 * K131, 0) -> 0
T132: =IF(OR(C132="MAL ALIMI", C132="ÜRETİM GİRİŞ"), IF(J132 - MAX(0, $I$2 - (SUMIF($C$4:C131, "MAL ALIMI", $J$4:J131) + SUMIF($C$4:C131, "ÜRETİM GİRİŞ", $J$4:J131))) > 0, J132 - MAX(0, $I$2 - (SUMIF($C$4:C131, "MAL ALIMI", $J$4:J131) + SUMIF($C$4:C131, "ÜRETİM GİRİŞ", $J$4:J131))), 0), 0) -> 0 | U132: =T132*K132 -> 0 | V132: =IF(OR(C132="MAL ALIMI", C132="ÜRETİM GİRİŞ"), J132 * K132, 0) -> 0
... T588: =IF(OR(C588="MAL ALIMI", C588="ÜRETİM GİRİŞ"), IF(J588 - MAX(0, $I$2 - (SUMIF($C$4:C587, "MAL ALIMI", $J$4:J587) + SUMIF($C$4:C587, "ÜRETİM GİRİŞ", $J$4:J587))) > 0, J588 - MAX(0, $I$2 - (SUMIF($C$4:C587, "MAL ALIMI", $J$4:J587) + SUMIF($C$4:C587, "ÜRETİM GİRİŞ", $J$4:J587))), 0), 0) -> 0 | U588: =T588*K588 -> 0 | V588: =IF(OR(C588="MAL ALIMI", C588="ÜRETİM GİRİŞ"), J588 * K588, 0) -> 0

Sheet STOK RAPORU
C1: ÜRÜN | D1: ALIM BİRİM | E1: ALIM FİYAT | F1: SATIŞ BİRİM | G1: ALIŞ İADE BİRİM | H1: alış iade toplam | I1: TOPLAM ÇIKIŞ BİRİM | J1: MALİYET | K1: NAKİT SATIŞ | L1: POS SATIŞ | M1: TOPLAM SATIŞ | N1: KAR TL | O1: ORAN | P1: ORTALAMA SATIŞ FİYATI | Q1: KALAN STOK | R1: KALAN STOK DEĞERİ | S1: TÜM MAL ALIŞLAR | T1: STOK SAYIM | U1: EKSİK / FAZLA | V1: (iade öncesi) kalan stok birim | W1: (iade öncesi) kalan stok tl | X1: (iade sonrası) kalan stok birim | Y1: (iade sonrası) kalan stok tl | Z1: toplam mal alımı | AA1: satılan malın maliyeti
C2: KARABİBER ÇEKİLMİŞ | D2: =SUMIFS(KASA!$I:$I, KASA!$C:$C, $C2, KASA!$B:$B, "MAL ALIMI") + SUMIFS(KASA!$I:$I, KASA!$C:$C, $C2, KASA!$B:$B, "ÜRETİM GİRİŞ") -> 50 | E2: =Z2/D2 -> 330 | F2: =SUMIFS(KASA!$I:$I, KASA!$C:$C, $C2, KASA!$B:$B, "MAL SATIŞI") + SUMIFS(KASA!$I:$I, KASA!$C:$C, $C2, KASA!$B:$B, "ÜRETİM ÇIKIŞ") -> 26.466581 | G2: =SUMIFS(KASA!$I:$I, KASA!$C:$C, $C2, KASA!$B:$B, "MAL İADE") -> 0 | H2: =SUMIFS(KASA!$K:$K, KASA!$C:$C, $C2, KASA!$B:$B, "MAL İADE") + SUMIFS(KASA!$Q:$Q, KASA!$C:$C, $C2, KASA!$B:$B, "MAL İADE") -> 0 | I2: =F2+G2 -> 26.466581 | J2: =E2*F2 -> 8733.9717 | K2: =SUMIFS(KASA!$Q:$Q, KASA!$C:$C, $C2, KASA!$B:$B, "MAL SATIŞI") + SUMIFS(KASA!$Q:$Q, KASA!$C:$C, $C2, KASA!$B:$B, "ÜRETİM ÇIKIŞ") -> 10098.196 | L2: =SUMIFS(KASA!$K:$K, KASA!$C:$C, $C2, KASA!$B:$B, "MAL SATIŞI") + SUMIFS(KASA!$K:$K, KASA!$C:$C, $C2, KASA!$B:$B, "ÜRETİM ÇIKIŞ") -> 5868.9662 | M2: =K2+L2 -> 15967.162 | N2: =M2-J2 -> 7233.1906 | O2: =IFERROR(((M2-J2)/J2),0) -> 0.82816741 | P2: =M2/F2 -> 603.29524 | Q2: =D2-F2-G2 -> 23.533419 | R2: =Q2*E2 -> 7766.0283 | S2: =D2*E2 -> 16500 | T2: =2.056+24.836+2.636-0.156 -> 29.372 | U2: =Q2-T2 -> -5.8385808 | V2: =SUMIF(KASA!$C$2:$C$9980, C2, KASA!$T$2:$T$9980) -> 23.533419 | W2: =SUMIF(KASA!$C$2:$C$9980, C2, KASA!$U$2:$U$9980) -> 8001.3625 | X2: =V2-G2 -> 23.533419 | Y2: =W2-H2 -> 8001.3625 | Z2: =SUMIF(KASA!$C$2:$C$9980, C2, KASA!$V$2:$V$9980) -> 16500 | AA2: =Z2-W2 -> 8498.6375
C3: KİMYON ÇEKİLMİŞ | D3: =SUMIFS(KASA!$I:$I, KASA!$C:$C, $C3, KASA!$B:$B, "MAL ALIMI") + SUMIFS(KASA!$I:$I, KASA!$C:$C, $C3, KASA!$B:$B, "ÜRETİM GİRİŞ") -> 50 | E3: =Z3/D3 -> 185 | F3: =SUMIFS(KASA!$I:$I, KASA!$C:$C, $C3, KASA!$B:$B, "MAL SATIŞI") + SUMIFS(KASA!$I:$I, KASA!$C:$C, $C3, KASA!$B:$B, "ÜRETİM ÇIKIŞ") -> 20.486713 | G3: =SUMIFS(KASA!$I:$I, KASA!$C:$C, $C3, KASA!$B:$B, "MAL İADE") -> 0 | H3: =SUMIFS(KASA!$K:$K, KASA!$C:$C, $C3, KASA!$B:$B, "MAL İADE") + SUMIFS(KASA!$Q:$Q, KASA!$C:$C, $C3, KASA!$B:$B, "MAL İADE") -> 0 | I3: =F3+G3 -> 20.486713 | J3: =E3*F3 -> 3790.0418 | K3: =SUMIFS(KASA!$Q:$Q, KASA!$C:$C, $C3, KASA!$B:$B, "MAL SATIŞI") + SUMIFS(KASA!$Q:$Q, KASA!$C:$C, $C3, KASA!$B:$B, "ÜRETİM ÇIKIŞ") -> 5409.605 | L3: =SUMIFS(KASA!$K:$K, KASA!$C:$C, $C3, KASA!$B:$B, "MAL SATIŞI") + SUMIFS(KASA!$K:$K, KASA!$C:$C, $C3, KASA!$B:$B, "ÜRETİM ÇIKIŞ") -> 1890.78 | M3: =K3+L3 -> 7300.385 | N3: =M3-J3 -> 3510.3432 | O3: =IFERROR(((M3-J3)/J3),0) -> 0.92620169 | P3: =M3/F3 -> 356.34731 | Q3: =D3-F3-G3 -> 29.513287 | R3: =Q3*E3 -> 5459.9582 | S3: =D3*E3 -> 9250 | T3: 34.846 | U3: =Q3-T3 -> -5.3327127 | V3: =SUMIF(KASA!$C$2:$C$9980, C3, KASA!$T$2:$T$9980) -> 29.513287 | W3: =SUMIF(KASA!$C$2:$C$9980, C3, KASA!$U$2:$U$9980) -> 5767.2588 | X3: =V3-G3 -> 29.513287 | Y3: =W3-H3 -> 5767.2588 | Z3: =SUMIF(KASA!$C$2:$C$9980, C3, KASA!$V$2:$V$9980) -> 9250 | AA3: =Z3-W3 -> 3482.7412
C4: KÖFTE BAHARATI (YEDİTÜRLÜ) | D4: =SUMIFS(KASA!$I:$I, KASA!$C:$C, $C4, KASA!$B:$B, "MAL ALIMI") + SUMIFS(KASA!$I:$I, KASA!$C:$C, $C4, KASA!$B:$B, "ÜRETİM GİRİŞ") -> 15 | E4: {=IFERROR(AVERAGE(IF((KASA!$C$2:$C$9980=$C4)*((KASA!$B$2:$B$9980="MAL ALIMI")+(KASA!$B$2:$B$9980="ÜRETİM GİRİŞ")),KASA!$J$2:$J$9980)),0)} -> 185 | F4: =SUMIFS(KASA!$I:$I, KASA!$C:$C, $C4, KASA!$B:$B, "MAL SATIŞI") + SUMIFS(KASA!$I:$I, KASA!$C:$C, $C4, KASA!$B:$B, "ÜRETİM ÇIKIŞ") -> 4.0523713 | G4: =SUMIFS(KASA!$I:$I, KASA!$C:$C, $C4, KASA!$B:$B, "MAL İADE") -> 0 | H4: =SUMIFS(KASA!$K:$K, KASA!$C:$C, $C4, KASA!$B:$B, "MAL İADE") + SUMIFS(KASA!$Q:$Q, KASA!$C:$C, $C4, KASA!$B:$B, "MAL İADE") -> 0 | I4: =F4+G4 -> 4.0523713 | J4: =E4*F4 -> 749.68869 | K4: =SUMIFS(KASA!$Q:$Q, KASA!$C:$C, $C4, KASA!$B:$B, "MAL SATIŞI") + SUMIFS(KASA!$Q:$Q, KASA!$C:$C, $C4, KASA!$B:$B, "ÜRETİM ÇIKIŞ") -> 1059 | L4: =SUMIFS(KASA!$K:$K, KASA!$C:$C, $C4, KASA!$B:$B, "MAL SATIŞI") + SUMIFS(KASA!$K:$K, KASA!$C:$C, $C4, KASA!$B:$B, "ÜRETİM ÇIKIŞ") -> 544.1 | M4: =K4+L4 -> 1603.1 | N4: =M4-J4 -> 853.41131 | O4: =IFERROR(((M4-J4)/J4),0) -> 1.1383543 | P4: =M4/F4 -> 395.59554 | Q4: =D4-F4-G4 -> 10.947629 | R4: =Q4*E4 -> 2025.3113 | S4: =D4*E4 -> 2775 | T4: 13.59 | U4: =Q4-T4 -> -2.6423713 | V4: =SUMIF(KASA!$C$2:$C$9980, C4, KASA!$T$2:$T$9980) -> 10.947629 | W4: =SUMIF(KASA!$C$2:$C$9980, C4, KASA!$U$2:$U$9980) -> 2020.5732 | X4: =V4-G4 -> 10.947629 | Y4: =W4-H4 -> 2020.5732 | Z4: =SUMIF(KASA!$C$2:$C$9980, C4, KASA!$V$2:$V$9980) -> 2750 | AA4: =Z4-W4 -> 729.42683
C5: NANE İRİ | D5: =SUMIFS(KASA!$I:$I, KASA!$C:$C, $C5, KASA!$B:$B, "MAL ALIMI") + SUMIFS(KASA!$I:$I, KASA!$C:$C, $C5, KASA!$B:$B, "ÜRETİM GİRİŞ") -> 50 | E5: {=IFERROR(AVERAGE(IF((KASA!$C$2:$C$9980=$C5)*((KASA!$B$2:$B$9980="MAL ALIMI")+(KASA!$B$2:$B$9980="ÜRETİM GİRİŞ")),KASA!$J$2:$J$9980)),0)} -> 127.5 | F5: =SUMIFS(KASA!$I:$I, KASA!$C:$C, $C5, KASA!$B:$B, "MAL SATIŞI") + SUMIFS(KASA!$I:$I, KASA!$C:$C, $C5, KASA!$B:$B, "ÜRETİM ÇIKIŞ") -> 21.381971 | G5: =SUMIFS(KASA!$I:$I, KASA!$C:$C, $C5, KASA!$B:$B, "MAL İADE") -> 0 | H5: =SUMIFS(KASA!$K:$K, KASA!$C:$C, $C5, KASA!$B:$B, "MAL İADE") + SUMIFS(KASA!$Q:$Q, KASA!$C:$C, $C5, KASA!$B:$B, "MAL İADE") -> 0 | I5: =F5+G5 -> 21.381971 | J5: =E5*F5 -> 2726.2014 | K5: =SUMIFS(KASA!$Q:$Q, KASA!$C:$C, $C5, KASA!$B:$B, "MAL SATIŞI") + SUMIFS(KASA!$Q:$Q, KASA!$C:$C, $C5, KASA!$B:$B, "ÜRETİM ÇIKIŞ") -> 5975.47 | L5: =SUMIFS(KASA!$K:$K, KASA!$C:$C, $C5, KASA!$B:$B, "MAL SATIŞI") + SUMIFS(KASA!$K:$K, KASA!$C:$C, $C5, KASA!$B:$B, "ÜRETİM ÇIKIŞ") -> 1819 | M5: =K5+L5 -> 7794.47 | N5: =M5-J5 -> 5068.2686 | O5: =IFERROR(((M5-J5)/J5),0) -> 1.8590955 | P5: =M5/F5 -> 364.53467 | Q5: =D5-F5-G5 -> 28.618029 | R5: =Q5*E5 -> 3648.7986 | S5: =D5*E5 -> 6375 | T5: 33.53 | U5: =Q5-T5 -> -4.9119714 | V5: =SUMIF(KASA!$C$2:$C$9980, C5, KASA!$T$2:$T$9980) -> 28.618029 | W5: =SUMIF(KASA!$C$2:$C$9980, C5, KASA!$U$2:$U$9980) -> 3702.2536 | X5: =V5-G5 -> 28.618029 | Y5: =W5-H5 -> 3702.2536 | Z5: =SUMIF(KASA!$C$2:$C$9980, C5, KASA!$V$2:$V$9980) -> 6375 | AA5: =Z5-W5 -> 2672.7464
C6: SUMAK | D6: =SUMIFS(KASA!$I:$I, KASA!$C:$C, $C6, KASA!$B:$B, "MAL ALIMI") + SUMIFS(KASA!$I:$I, KASA!$C:$C, $C6, KASA!$B:$B, "ÜRETİM GİRİŞ") -> 25 | E6: {=IFERROR(AVERAGE(IF((KASA!$C$2:$C$9980=$C6)*((KASA!$B$2:$B$9980="MAL ALIMI")+(KASA!$B$2:$B$9980="ÜRETİM GİRİŞ")),KASA!$J$2:$J$9980)),0)} -> 200 | F6: =SUMIFS(KASA!$I:$I, KASA!$C:$C, $C6, KASA!$B:$B, "MAL SATIŞI") + SUMIFS(KASA!$I:$I, KASA!$C:$C, $C6, KASA!$B:$B, "ÜRETİM ÇIKIŞ") -> 25.313714 | G6: =SUMIFS(KASA!$I:$I, KASA!$C:$C, $C6, KASA!$B:$B, "MAL İADE") -> 0 | H6: =SUMIFS(KASA!$K:$K, KASA!$C:$C, $C6, KASA!$B:$B, "MAL İADE") + SUMIFS(KASA!$Q:$Q, KASA!$C:$C, $C6, KASA!$B:$B, "MAL İADE") -> 0 | I6: =F6+G6 -> 25.313714 | J6: =E6*F6 -> 5062.7429 | K6: =SUMIFS(KASA!$Q:$Q, KASA!$C:$C, $C6, KASA!$B:$B, "MAL SATIŞI") + SUMIFS(KASA!$Q:$Q, KASA!$C:$C, $C6, KASA!$B:$B, "ÜRETİM ÇIKIŞ") -> 6738 | L6: =SUMIFS(KASA!$K:$K, KASA!$C:$C, $C6, KASA!$B:$B, "MAL SATIŞI") + SUMIFS(KASA!$K:$K, KASA!$C:$C, $C6, KASA!$B:$B, "ÜRETİM ÇIKIŞ") -> 4211.46 | M6: =K6+L6 -> 10949.46 | N6: =M6-J6 -> 5886.7171 | O6: =IFERROR(((M6-J6)/J6),0) -> 1.1627525 | P6: =M6/F6 -> 432.55051 | Q6: =D6-F6-G6 -> -0.31371429 | R6: =Q6*E6 -> -62.742857 | S6: =D6*E6 -> 5000 | T6: 4.534 | U6: =Q6-T6 -> -4.8477143 | V6: =SUMIF(KASA!$C$2:$C$9980, C6, KASA!$T$2:$T$9980) -> 0 | W6: =SUMIF(KASA!$C$2:$C$9980, C6, KASA!$U$2:$U$9980) -> 0 | X6: =V6-G6 -> 0 | Y6: =W6-H6 -> 0 | Z6: =SUMIF(KASA!$C$2:$C$9980, C6, KASA!$V$2:$V$9980) -> 5000 | AA6: =Z6-W6 -> 5000
C7: KEKİK LÜX | D7: =SUMIFS(KASA!$I:$I, KASA!$C:$C, $C7, KASA!$B:$B, "MAL ALIMI") + SUMIFS(KASA!$I:$I, KASA!$C:$C, $C7, KASA!$B:$B, "ÜRETİM GİRİŞ") -> 20 | E7: {=IFERROR(AVERAGE(IF((KASA!$C$2:$C$9980=$C7)*((KASA!$B$2:$B$9980="MAL ALIMI")+(KASA!$B$2:$B$9980="ÜRETİM GİRİŞ")),KASA!$J$2:$J$9980)),0)} -> 520 | F7: =SUMIFS(KASA!$I:$I, KASA!$C:$C, $C7, KASA!$B:$B, "MAL SATIŞI") + SUMIFS(KASA!$I:$I, KASA!$C:$C, $C7, KASA!$B:$B, "ÜRETİM ÇIKIŞ") -> 11.428463 | G7: =SUMIFS(KASA!$I:$I, KASA!$C:$C, $C7, KASA!$B:$B, "MAL İADE") -> 0 | H7: =SUMIFS(KASA!$K:$K, KASA!$C:$C, $C7, KASA!$B:$B, "MAL İADE") + SUMIFS(KASA!$Q:$Q, KASA!$C:$C, $C7, KASA!$B:$B, "MAL İADE") -> 0 | I7: =F7+G7 -> 11.428463 | J7: =E7*F7 -> 5942.8005 | K7: =SUMIFS(KASA!$Q:$Q, KASA!$C:$C, $C7, KASA!$B:$B, "MAL SATIŞI") + SUMIFS(KASA!$Q:$Q, KASA!$C:$C, $C7, KASA!$B:$B, "ÜRETİM ÇIKIŞ") -> 5451.59 | L7: =SUMIFS(KASA!$K:$K, KASA!$C:$C, $C7, KASA!$B:$B, "MAL SATIŞI") + SUMIFS(KASA!$K:$K, KASA!$C:$C, $C7, KASA!$B:$B, "ÜRETİM ÇIKIŞ") -> 3045.613 | M7: =K7+L7 -> 8497.203 | N7: =M7-J7 -> 2554.4025 | O7: =IFERROR(((M7-J7)/J7),0) -> 0.42983143 | P7: =M7/F7 -> 743.51234 | Q7: =D7-F7-G7 -> 8.5715374 | R7: =Q7*E7 -> 4457.1995 | S7: =D7*E7 -> 10400 | T7: 2.01 | U7: =Q7-T7 -> 6.5615374 | V7: =SUMIF(KASA!$C$2:$C$9980, C7, KASA!$T$2:$T$9980) -> 8.5715374 | W7: =SUMIF(KASA!$C$2:$C$9980, C7, KASA!$U$2:$U$9980) -> 5314.3532 | X7: =V7-G7 -> 8.5715374 | Y7: =W7-H7 -> 5314.3532 | Z7: =SUMIF(KASA!$C$2:$C$9980, C7, KASA!$V$2:$V$9980) -> 10400 | AA7: =Z7-W7 -> 5085.6468
C8: İPEK BİBER | D8: =SUMIFS(KASA!$I:$I, KASA!$C:$C, $C8, KASA!$B:$B, "MAL ALIMI") + SUMIFS(KASA!$I:$I, KASA!$C:$C, $C8, KASA!$B:$B, "ÜRETİM GİRİŞ") -> 65 | E8: {=IFERROR(AVERAGE(IF((KASA!$C$2:$C$9980=$C8)*((KASA!$B$2:$B$9980="MAL ALIMI")+(KASA!$B$2:$B$9980="ÜRETİM GİRİŞ")),KASA!$J$2:$J$9980)),0)} -> 265 | F8: =SUMIFS(KASA!$I:$I, KASA!$C:$C, $C8, KASA!$B:$B, "MAL SATIŞI") + SUMIFS(KASA!$I:$I, KASA!$C:$C, $C8, KASA!$B:$B, "ÜRETİM ÇIKIŞ") -> 30.97 | G8: =SUMIFS(KASA!$I:$I, KASA!$C:$C, $C8, KASA!$B:$B, "MAL İADE") -> 0 | H8: =SUMIFS(KASA!$K:$K, KASA!$C:$C, $C8, KASA!$B:$B, "MAL İADE") + SUMIFS(KASA!$Q:$Q, KASA!$C:$C, $C8, KASA!$B:$B, "MAL İADE") -> 0 | I8: =F8+G8 -> 30.97 | J8: =E8*F8 -> 8207.05 | K8: =SUMIFS(KASA!$Q:$Q, KASA!$C:$C, $C8, KASA!$B:$B, "MAL SATIŞI") + SUMIFS(KASA!$Q:$Q, KASA!$C:$C, $C8, KASA!$B:$B, "ÜRETİM ÇIKIŞ") -> 8073.52 | L8: =SUMIFS(KASA!$K:$K, KASA!$C:$C, $C8, KASA!$B:$B, "MAL SATIŞI") + SUMIFS(KASA!$K:$K, KASA!$C:$C, $C8, KASA!$B:$B, "ÜRETİM ÇIKIŞ") -> 6486.95 | M8: =K8+L8 -> 14560.47 | N8: =M8-J8 -> 6353.42 | O8: =IFERROR(((M8-J8)/J8),0) -> 0.77414174 | P8: =M8/F8 -> 470.14756 | Q8: =D8-F8-G8 -> 34.03 | R8: =Q8*E8 -> 9017.95 | S8: =D8*E8 -> 17225 | T8: 20.056 | U8: =Q8-T8 -> 13.974 | V8: =SUMIF(KASA!$C$2:$C$9980, C8, KASA!$T$2:$T$9980) -> 34.03 | W8: =SUMIF(KASA!$C$2:$C$9980, C8, KASA!$U$2:$U$9980) -> 9347.8 | X8: =V8-G8 -> 34.03 | Y8: =W8-H8 -> 9347.8 | Z8: =SUMIF(KASA!$C$2:$C$9980, C8, KASA!$V$2:$V$9980) -> 17150 | AA8: =Z8-W8 -> 7802.2
C9: İSOT | D9: =SUMIFS(KASA!$I:$I, KASA!$C:$C, $C9, KASA!$B:$B, "MAL ALIMI") + SUMIFS(KASA!$I:$I, KASA!$C:$C, $C9, KASA!$B:$B, "ÜRETİM GİRİŞ") -> 50 | E9: {=IFERROR(AVERAGE(IF((KASA!$C$2:$C$9980=$C9)*((KASA!$B$2:$B$9980="MAL ALIMI")+(KASA!$B$2:$B$9980="ÜRETİM GİRİŞ")),KASA!$J$2:$J$9980)),0)} -> 180 | F9: =SUMIFS(KASA!$I:$I, KASA!$C:$C, $C9, KASA!$B:$B, "MAL SATIŞI") + SUMIFS(KASA!$I:$I, KASA!$C:$C, $C9, KASA!$B:$B, "ÜRETİM ÇIKIŞ") -> 31.508263 | G9: =SUMIFS(KASA!$I:$I, KASA!$C:$C, $C9, KASA!$B:$B, "MAL İADE") -> 0 | H9: =SUMIFS(KASA!$K:$K, KASA!$C:$C, $C9, KASA!$B:$B, "MAL İADE") + SUMIFS(KASA!$Q:$Q, KASA!$C:$C, $C9, KASA!$B:$B, "MAL İADE") -> 0 | I9: =F9+G9 -> 31.508263 | J9: =E9*F9 -> 5671.4874 | K9: =SUMIFS(KASA!$Q:$Q, KASA!$C:$C, $C9, KASA!$B:$B, "MAL SATIŞI") + SUMIFS(KASA!$Q:$Q, KASA!$C:$C, $C9, KASA!$B:$B, "ÜRETİM ÇIKIŞ") -> 5039.28 | L9: =SUMIFS(KASA!$K:$K, KASA!$C:$C, $C9, KASA!$B:$B, "MAL SATIŞI") + SUMIFS(KASA!$K:$K, KASA!$C:$C, $C9, KASA!$B:$B, "ÜRETİM ÇIKIŞ") -> 5229.065 | M9: =K9+L9 -> 10268.345 | N9: =M9-J9 -> 4596.8576 | O9: =IFERROR(((M9-J9)/J9),0) -> 0.81052065 | P9: =M9/F9 -> 325.89372 | Q9: =D9-F9-G9 -> 18.491737 | R9: =Q9*E9 -> 3328.5126 | S9: =D9*E9 -> 9000 | T9: 27.9 | U9: =Q9-T9 -> -9.4082632 | V9: =SUMIF(KASA!$C$2:$C$9980, C9, KASA!$T$2:$T$9980) -> 18.491737 | W9: =SUMIF(KASA!$C$2:$C$9980, C9, KASA!$U$2:$U$9980) -> 3328.5126 | X9: =V9-G9 -> 18.491737 | Y9: =W9-H9 -> 3328.5126 | Z9: =SUMIF(KASA!$C$2:$C$9980, C9, KASA!$V$2:$V$9980) -> 9000 | AA9: =Z9-W9 -> 5671.4874
C10: TOZ BİBER - ACI | D10: =SUMIFS(KASA!$I:$I, KASA!$C:$C, $C10, KASA!$B:$B, "MAL ALIMI") + SUMIFS(KASA!$I:$I, KASA!$C:$C, $C10, KASA!$B:$B, "ÜRETİM GİRİŞ") -> 25 | E10: {=IFERROR(AVERAGE(IF((KASA!$C$2:$C$9980=$C10)*((KASA!$B$2:$B$9980="MAL ALIMI")+(KASA!$B$2:$B$9980="ÜRETİM GİRİŞ")),KASA!$J$2:$J$9980)),0)} -> 160 | F10: =SUMIFS(KASA!$I:$I, KASA!$C:$C, $C10, KASA!$B:$B, "MAL SATIŞI") + SUMIFS(KASA!$I:$I, KASA!$C:$C, $C10, KASA!$B:$B, "ÜRETİM ÇIKIŞ") -> 5.6349054 | G10: =SUMIFS(KASA!$I:$I, KASA!$C:$C, $C10, KASA!$B:$B, "MAL İADE") -> 16.2 | H10: =SUMIFS(KASA!$K:$K, KASA!$C:$C, $C10, KASA!$B:$B, "MAL İADE") + SUMIFS(KASA!$Q:$Q, KASA!$C:$C, $C10, KASA!$B:$B, "MAL İADE") -> 2592 | I10: =F10+G10 -> 21.834905 | J10: =E10*F10 -> 901.58486 | K10: =SUMIFS(KASA!$Q:$Q, KASA!$C:$C, $C10, KASA!$B:$B, "MAL SATIŞI") + SUMIFS(KASA!$Q:$Q, KASA!$C:$C, $C10, KASA!$B:$B, "ÜRETİM ÇIKIŞ") -> 1473.31 | L10: =SUMIFS(KASA!$K:$K, KASA!$C:$C, $C10, KASA!$B:$B, "MAL SATIŞI") + SUMIFS(KASA!$K:$K, KASA!$C:$C, $C10, KASA!$B:$B, "ÜRETİM ÇIKIŞ") -> 501.37 | M10: =K10+L10 -> 1974.68 | N10: =M10-J10 -> 1073.0951 | O10: =IFERROR(((M10-J10)/J10),0) -> 1.190232 | P10: =M10/F10 -> 350.43712 | Q10: =D10-F10-G10 -> 3.1650946 | R10: =Q10*E10 -> 506.41514 | S10: =D10*E10 -> 4000 | T10: 5.436 | U10: =Q10-T10 -> -2.2709054 | V10: =SUMIF(KASA!$C$2:$C$9980, C10, KASA!$T$2:$T$9980) -> 19.365095 | W10: =SUMIF(KASA!$C$2:$C$9980, C10, KASA!$U$2:$U$9980) -> 3098.4151 | X10: =V10-G10 -> 3.1650946 | Y10: =W10-H10 -> 506.41514 | Z10: =SUMIF(KASA!$C$2:$C$9980, C10, KASA!$V$2:$V$9980) -> 4000 | AA10: =Z10-W10 -> 901.58486
C11: EVLİK BİBER | D11: =SUMIFS(KASA!$I:$I, KASA!$C:$C, $C11, KASA!$B:$B, "MAL ALIMI") + SUMIFS(KASA!$I:$I, KASA!$C:$C, $C11, KASA!$B:$B, "ÜRETİM GİRİŞ") -> 75 | E11: {=IFERROR(AVERAGE(IF((KASA!$C$2:$C$9980=$C11)*((KASA!$B$2:$B$9980="MAL ALIMI")+(KASA!$B$2:$B$9980="ÜRETİM GİRİŞ")),KASA!$J$2:$J$9980)),0)} -> 186.66667 | F11: =SUMIFS(KASA!$I:$I, KASA!$C:$C, $C11, KASA!$B:$B, "MAL SATIŞI") + SUMIFS(KASA!$I:$I, KASA!$C:$C, $C11, KASA!$B:$B, "ÜRETİM ÇIKIŞ") -> 54.567077 | G11: =SUMIFS(KASA!$I:$I, KASA!$C:$C, $C11, KASA!$B:$B, "MAL İADE") -> 0 | H11: =SUMIFS(KASA!$K:$K, KASA!$C:$C, $C11, KASA!$B:$B, "MAL İADE") + SUMIFS(KASA!$Q:$Q, KASA!$C:$C, $C11, KASA!$B:$B, "MAL İADE") -> 0 | I11: =F11+G11 -> 54.567077 | J11: =E11*F11 -> 10185.854 | K11: =SUMIFS(KASA!$Q:$Q, KASA!$C:$C, $C11, KASA!$B:$B, "MAL SATIŞI") + SUMIFS(KASA!$Q:$Q, KASA!$C:$C, $C11, KASA!$B:$B, "ÜRETİM ÇIKIŞ") -> 8181.596 | L11: =SUMIFS(KASA!$K:$K, KASA!$C:$C, $C11, KASA!$B:$B, "MAL SATIŞI") + SUMIFS(KASA!$K:$K, KASA!$C:$C, $C11, KASA!$B:$B, "ÜRETİM ÇIKIŞ") -> 9330.86 | M11: =K11+L11 -> 17512.456 | N11: =M11-J11 -> 7326.6016 | O11: =IFERROR(((M11-J11)/J11),0) -> 0.7192918 | P11: =M11/F11 -> 320.93447 | Q11: =D11-F11-G11 -> 20.432923 | R11: =Q11*E11 -> 3814.1456 | S11: =D11*E11 -> 14000 | T11: 25.25 | U11: =Q11-T11 -> -4.8170772 | V11: =SUMIF(KASA!$C$2:$C$9980, C11, KASA!$T$2:$T$9980) -> 20.432923 | W11: =SUMIF(KASA!$C$2:$C$9980, C11, KASA!$U$2:$U$9980) -> 4290.9138 | X11: =V11-G11 -> 20.432923 | Y11: =W11-H11 -> 4290.9138 | Z11: =SUMIF(KASA!$C$2:$C$9980, C11, KASA!$V$2:$V$9980) -> 14000 | AA11: =Z11-W11 -> 9709.0862
C12: HİNDİSTAN CEVİZİ ( İRİ ) | D12: =SUMIFS(KASA!$I:$I, KASA!$C:$C, $C12, KASA!$B:$B, "MAL ALIMI") + SUMIFS(KASA!$I:$I, KASA!$C:$C, $C12, KASA!$B:$B, "ÜRETİM GİRİŞ") -> 25 | E12: {=IFERROR(AVERAGE(IF((KASA!$C$2:$C$9980=$C12)*((KASA!$B$2:$B$9980="MAL ALIMI")+(KASA!$B$2:$B$9980="ÜRETİM GİRİŞ")),KASA!$J$2:$J$9980)),0)} -> 150 | F12: =SUMIFS(KASA!$I:$I, KASA!$C:$C, $C12, KASA!$B:$B, "MAL SATIŞI") + SUMIFS(KASA!$I:$I, KASA!$C:$C, $C12, KASA!$B:$B, "ÜRETİM ÇIKIŞ") -> 7.107 | G12: =SUMIFS(KASA!$I:$I, KASA!$C:$C, $C12, KASA!$B:$B, "MAL İADE") -> 13.5 | H12: =SUMIFS(KASA!$K:$K, KASA!$C:$C, $C12, KASA!$B:$B, "MAL İADE") + SUMIFS(KASA!$Q:$Q, KASA!$C:$C, $C12, KASA!$B:$B, "MAL İADE") -> 2025 | I12: =F12+G12 -> 20.607 | J12: =E12*F12 -> 1066.05 | K12: =SUMIFS(KASA!$Q:$Q, KASA!$C:$C, $C12, KASA!$B:$B, "MAL SATIŞI") + SUMIFS(KASA!$Q:$Q, KASA!$C:$C, $C12, KASA!$B:$B, "ÜRETİM ÇIKIŞ") -> 1745.6 | L12: =SUMIFS(KASA!$K:$K, KASA!$C:$C, $C12, KASA!$B:$B, "MAL SATIŞI") + SUMIFS(KASA!$K:$K, KASA!$C:$C, $C12, KASA!$B:$B, "ÜRETİM ÇIKIŞ") -> 843 | M12: =K12+L12 -> 2588.6 | N12: =M12-J12 -> 1522.55 | O12: =IFERROR(((M12-J12)/J12),0) -> 1.4282163 | P12: =M12/F12 -> 364.23245 | Q12: =D12-F12-G12 -> 4.393 | R12: =Q12*E12 -> 658.95 | S12: =D12*E12 -> 3750 | U12: =Q12-T12 -> 4.393 | V12: =SUMIF(KASA!$C$2:$C$9980, C12, KASA!$T$2:$T$9980) -> 17.893 | W12: =SUMIF(KASA!$C$2:$C$9980, C12, KASA!$U$2:$U$9980) -> 2683.95 | X12: =V12-G12 -> 4.393 | Y12: =W12-H12 -> 658.95 | Z12: =SUMIF(KASA!$C$2:$C$9980, C12, KASA!$V$2:$V$9980) -> 3750 | AA12: =Z12-W12 -> 1066.05
C13: LİMONTUZU TOZ | D13: =SUMIFS(KASA!$I:$I, KASA!$C:$C, $C13, KASA!$B:$B, "MAL ALIMI") + SUMIFS(KASA!$I:$I, KASA!$C:$C, $C13, KASA!$B:$B, "ÜRETİM GİRİŞ") -> 25 | E13: {=IFERROR(AVERAGE(IF((KASA!$C$2:$C$9980=$C13)*((KASA!$B$2:$B$9980="MAL ALIMI")+(KASA!$B$2:$B$9980="ÜRETİM GİRİŞ")),KASA!$J$2:$J$9980)),0)} -> 70 | F13: =SUMIFS(KASA!$I:$I, KASA!$C:$C, $C13, KASA!$B:$B, "MAL SATIŞI") + SUMIFS(KASA!$I:$I, KASA!$C:$C, $C13, KASA!$B:$B, "ÜRETİM ÇIKIŞ") -> 2.75 | G13: =SUMIFS(KASA!$I:$I, KASA!$C:$C, $C13, KASA!$B:$B, "MAL İADE") -> 0 | H13: =SUMIFS(KASA!$K:$K, KASA!$C:$C, $C13, KASA!$B:$B, "MAL İADE") + SUMIFS(KASA!$Q:$Q, KASA!$C:$C, $C13, KASA!$B:$B, "MAL İADE") -> 0 | I13: =F13+G13 -> 2.75 | J13: =E13*F13 -> 192.5 | K13: =SUMIFS(KASA!$Q:$Q, KASA!$C:$C, $C13, KASA!$B:$B, "MAL SATIŞI") + SUMIFS(KASA!$Q:$Q, KASA!$C:$C, $C13, KASA!$B:$B, "ÜRETİM ÇIKIŞ") -> 90 | L13: =SUMIFS(KASA!$K:$K, KASA!$C:$C, $C13, KASA!$B:$B, "MAL SATIŞI") + SUMIFS(KASA!$K:$K, KASA!$C:$C, $C13, KASA!$B:$B, "ÜRETİM ÇIKIŞ") -> 355 | M13: =K13+L13 -> 445 | N13: =M13-J13 -> 252.5 | O13: =IFERROR(((M13-J13)/J13),0) -> 1.3116883 | P13: =M13/F13 -> 161.81818 | Q13: =D13-F13-G13 -> 22.25 | R13: =Q13*E13 -> 1557.5 | S13: =D13*E13 -> 1750 | T13: 22.5 | U13: =Q13-T13 -> -0.25 | V13: =SUMIF(KASA!$C$2:$C$9980, C13, KASA!$T$2:$T$9980) -> 22.25 | W13: =SUMIF(KASA!$C$2:$C$9980, C13, KASA!$U$2:$U$9980) -> 1557.5 | X13: =V13-G13 -> 22.25 | Y13: =W13-H13 -> 1557.5 | Z13: =SUMIF(KASA!$C$2:$C$9980, C13, KASA!$V$2:$V$9980) -> 1750 | AA13: =Z13-W13 -> 192.5
C14: LİMONTUZU PARCA | D14: =SUMIFS(KASA!$I:$I, KASA!$C:$C, $C14, KASA!$B:$B, "MAL ALIMI") + SUMIFS(KASA!$I:$I, KASA!$C:$C, $C14, KASA!$B:$B, "ÜRETİM GİRİŞ") -> 25 | E14: {=IFERROR(AVERAGE(IF((KASA!$C$2:$C$9980=$C14)*((KASA!$B$2:$B$9980="MAL ALIMI")+(KASA!$B$2:$B$9980="ÜRETİM GİRİŞ")),KASA!$J$2:$J$9980)),0)} -> 80 | F14: =SUMIFS(KASA!$I:$I, KASA!$C:$C, $C14, KASA!$B:$B, "MAL SATIŞI") + SUMIFS(KASA!$I:$I, KASA!$C:$C, $C14, KASA!$B:$B, "ÜRETİM ÇIKIŞ") -> 12.667333 | G14: =SUMIFS(KASA!$I:$I, KASA!$C:$C, $C14, KASA!$B:$B, "MAL İADE") -> 0 | H14: =SUMIFS(KASA!$K:$K, KASA!$C:$C, $C14, KASA!$B:$B, "MAL İADE") + SUMIFS(KASA!$Q:$Q, KASA!$C:$C, $C14, KASA!$B:$B, "MAL İADE") -> 0 | I14: =F14+G14 -> 12.667333 | J14: =E14*F14 -> 1013.3867 | K14: =SUMIFS(KASA!$Q:$Q, KASA!$C:$C, $C14, KASA!$B:$B, "MAL SATIŞI") + SUMIFS(KASA!$Q:$Q, KASA!$C:$C, $C14, KASA!$B:$B, "ÜRETİM ÇIKIŞ") -> 1397.78 | L14: =SUMIFS(KASA!$K:$K, KASA!$C:$C, $C14, KASA!$B:$B, "MAL SATIŞI") + SUMIFS(KASA!$K:$K, KASA!$C:$C, $C14, KASA!$B:$B, "ÜRETİM ÇIKIŞ") -> 785.04 | M14: =K14+L14 -> 2182.82 | N14: =M14-J14 -> 1169.4333 | O14: =IFERROR(((M14-J14)/J14),0) -> 1.1539853 | P14: =M14/F14 -> 172.31883 | Q14: =D14-F14-G14 -> 12.332667 | R14: =Q14*E14 -> 986.61333 | S14: =D14*E14 -> 2000 | T14: 14.554 | U14: =Q14-T14 -> -2.2213333 | V14: =SUMIF(KASA!$C$2:$C$9980, C14, KASA!$T$2:$T$9980) -> 12.332667 | W14: =SUMIF(KASA!$C$2:$C$9980, C14, KASA!$U$2:$U$9980) -> 986.61333 | X14: =V14-G14 -> 12.332667 | Y14: =W14-H14 -> 986.61333 | Z14: =SUMIF(KASA!$C$2:$C$9980, C14, KASA!$V$2:$V$9980) -> 2000 | AA14: =Z14-W14 -> 1013.3867
C15: SÜTTOZU (KAHVE KREMASI) 100 GR | D15: =SUMIFS(KASA!$I:$I, KASA!$C:$C, $C15, KASA!$B:$B, "MAL ALIMI") + SUMIFS(KASA!$I:$I, KASA!$C:$C, $C15, KASA!$B:$B, "ÜRETİM GİRİŞ") -> 0 | E15: {=IFERROR(AVERAGE(IF((KASA!$C$2:$C$9980=$C15)*((KASA!$B$2:$B$9980="MAL ALIMI")+(KASA!$B$2:$B$9980="ÜRETİM GİRİŞ")),KASA!$J$2:$J$9980)),0)} -> 0 | F15: =SUMIFS(KASA!$I:$I, KASA!$C:$C, $C15, KASA!$B:$B, "MAL SATIŞI") + SUMIFS(KASA!$I:$I, KASA!$C:$C, $C15, KASA!$B:$B, "ÜRETİM ÇIKIŞ") -> 0 | G15: =SUMIFS(KASA!$I:$I, KASA!$C:$C, $C15, KASA!$B:$B, "MAL İADE") -> 0 | H15: =SUMIFS(KASA!$K:$K, KASA!$C:$C, $C15, KASA!$B:$B, "MAL İADE") + SUMIFS(KASA!$Q:$Q, KASA!$C:$C, $C15, KASA!$B:$B, "MAL İADE") -> 0 | I15: =F15+G15 -> 0 | J15: =E15*F15 -> 0 | K15: =SUMIFS(KASA!$Q:$Q, KASA!$C:$C, $C15, KASA!$B:$B, "MAL SATIŞI") + SUMIFS(KASA!$Q:$Q, KASA!$C:$C, $C15, KASA!$B:$B, "ÜRETİM ÇIKIŞ") -> 0 | L15: =SUMIFS(KASA!$K:$K, KASA!$C:$C, $C15, KASA!$B:$B, "MAL SATIŞI") + SUMIFS(KASA!$K:$K, KASA!$C:$C, $C15, KASA!$B:$B, "ÜRETİM ÇIKIŞ") -> 0 | M15: =K15+L15 -> 0 | N15: =M15-J15 -> 0 | O15: =IFERROR(((M15-J15)/J15),0) -> 0 | P15: =M15/F15 -> #DIV/0! | Q15: =D15-F15-G15 -> 0 | R15: =Q15*E15 -> 0 | S15: =D15*E15 -> 0 | T15: 0 | U15: =Q15-T15 -> 0 | V15: =SUMIF(KASA!$C$2:$C$9980, C15, KASA!$T$2:$T$9980) -> 0 | W15: =SUMIF(KASA!$C$2:$C$9980, C15, KASA!$U$2:$U$9980) -> 0 | X15: =V15-G15 -> 0 | Y15: =W15-H15 -> 0 | Z15: =SUMIF(KASA!$C$2:$C$9980, C15, KASA!$V$2:$V$9980) -> 0 | AA15: =Z15-W15 -> 0
C16: SÜTTOZU (KAHVE KREMASI) 200 GR | D16: =SUMIFS(KASA!$I:$I, KASA!$C:$C, $C16, KASA!$B:$B, "MAL ALIMI") + SUMIFS(KASA!$I:$I, KASA!$C:$C, $C16, KASA!$B:$B, "ÜRETİM GİRİŞ") -> 0 | E16: {=IFERROR(AVERAGE(IF((KASA!$C$2:$C$9980=$C16)*((KASA!$B$2:$B$9980="MAL ALIMI")+(KASA!$B$2:$B$9980="ÜRETİM GİRİŞ")),KASA!$J$2:$J$9980)),0)} -> 0 | F16: =SUMIFS(KASA!$I:$I, KASA!$C:$C, $C16, KASA!$B:$B, "MAL SATIŞI") + SUMIFS(KASA!$I:$I, KASA!$C:$C, $C16, KASA!$B:$B, "ÜRETİM ÇIKIŞ") -> 0 | G16: =SUMIFS(KASA!$I:$I, KASA!$C:$C, $C16, KASA!$B:$B, "MAL İADE") -> 0 | H16: =SUMIFS(KASA!$K:$K, KASA!$C:$C, $C16, KASA!$B:$B, "MAL İADE") + SUMIFS(KASA!$Q:$Q, KASA!$C:$C, $C16, KASA!$B:$B, "MAL İADE") -> 0 | I16: =F16+G16 -> 0 | J16: =E16*F16 -> 0 | K16: =SUMIFS(KASA!$Q:$Q, KASA!$C:$C, $C16, KASA!$B:$B, "MAL SATIŞI") + SUMIFS(KASA!$Q:$Q, KASA!$C:$C, $C16, KASA!$B:$B, "ÜRETİM ÇIKIŞ") -> 0 | L16: =SUMIFS(KASA!$K:$K, KASA!$C:$C, $C16, KASA!$B:$B, "MAL SATIŞI") + SUMIFS(KASA!$K:$K, KASA!$C:$C, $C16, KASA!$B:$B, "ÜRETİM ÇIKIŞ") -> 0 | M16: =K16+L16 -> 0 | N16: =M16-J16 -> 0 | O16: =IFERROR(((M16-J16)/J16),0) -> 0 | P16: =M16/F16 -> #DIV/0! | Q16: =D16-F16-G16 -> 0 | R16: =Q16*E16 -> 0 | S16: =D16*E16 -> 0 | T16: 0 | U16: =Q16-T16 -> 0 | V16: =SUMIF(KASA!$C$2:$C$9980, C16, KASA!$T$2:$T$9980) -> 0 | W16: =SUMIF(KASA!$C$2:$C$9980, C16, KASA!$U$2:$U$9980) -> 0 | X16: =V16-G16 -> 0 | Y16: =W16-H16 -> 0 | Z16: =SUMIF(KASA!$C$2:$C$9980, C16, KASA!$V$2:$V$9980) -> 0 | AA16: =Z16-W16 -> 0
C17: TÜRK KAHVESİ | D17: =SUMIFS(KASA!$I:$I, KASA!$C:$C, $C17, KASA!$B:$B, "MAL ALIMI") + SUMIFS(KASA!$I:$I, KASA!$C:$C, $C17, KASA!$B:$B, "ÜRETİM GİRİŞ") -> 30 | E17: {=IFERROR(AVERAGE(IF((KASA!$C$2:$C$9980=$C17)*((KASA!$B$2:$B$9980="MAL ALIMI")+(KASA!$B$2:$B$9980="ÜRETİM GİRİŞ")),KASA!$J$2:$J$9980)),0)} -> 446.66667 | F17: =SUMIFS(KASA!$I:$I, KASA!$C:$C, $C17, KASA!$B:$B, "MAL SATIŞI") + SUMIFS(KASA!$I:$I, KASA!$C:$C, $C17, KASA!$B:$B, "ÜRETİM ÇIKIŞ") -> 11.796835 | G17: =SUMIFS(KASA!$I:$I, KASA!$C:$C, $C17, KASA!$B:$B, "MAL İADE") -> 0 | H17: =SUMIFS(KASA!$K:$K, KASA!$C:$C, $C17, KASA!$B:$B, "MAL İADE") + SUMIFS(KASA!$Q:$Q, KASA!$C:$C, $C17, KASA!$B:$B, "MAL İADE") -> 0 | I17: =F17+G17 -> 11.796835 | J17: =E17*F17 -> 5269.253 | K17: =SUMIFS(KASA!$Q:$Q, KASA!$C:$C, $C17, KASA!$B:$B, "MAL SATIŞI") + SUMIFS(KASA!$Q:$Q, KASA!$C:$C, $C17, KASA!$B:$B, "ÜRETİM ÇIKIŞ") -> 3336 | L17: =SUMIFS(KASA!$K:$K, KASA!$C:$C, $C17, KASA!$B:$B, "MAL SATIŞI") + SUMIFS(KASA!$K:$K, KASA!$C:$C, $C17, KASA!$B:$B, "ÜRETİM ÇIKIŞ") -> 4067.901 | M17: =K17+L17 -> 7403.901 | N17: =M17-J17 -> 2134.648 | O17: =IFERROR(((M17-J17)/J17),0) -> 0.40511396 | P17: =M17/F17 -> 627.61757 | Q17: =D17-F17-G17 -> 18.203165 | R17: =Q17*E17 -> 8130.747 | S17: =D17*E17 -> 13400 | T17: 2.768 | U17: =Q17-T17 -> 15.435165 | V17: =SUMIF(KASA!$C$2:$C$9980, C17, KASA!$T$2:$T$9980) -> 18.203165 | W17: =SUMIF(KASA!$C$2:$C$9980, C17, KASA!$U$2:$U$9980) -> 8373.4558 | X17: =V17-G17 -> 18.203165 | Y17: =W17-H17 -> 8373.4558 | Z17: =SUMIF(KASA!$C$2:$C$9980, C17, KASA!$V$2:$V$9980) -> 13600 | AA17: =Z17-W17 -> 5226.5442
C18: ZENCEFİL TANE | D18: =SUMIFS(KASA!$I:$I, KASA!$C:$C, $C18, KASA!$B:$B, "MAL ALIMI") + SUMIFS(KASA!$I:$I, KASA!$C:$C, $C18, KASA!$B:$B, "ÜRETİM GİRİŞ") -> 5 | E18: {=IFERROR(AVERAGE(IF((KASA!$C$2:$C$9980=$C18)*((KASA!$B$2:$B$9980="MAL ALIMI")+(KASA!$B$2:$B$9980="ÜRETİM GİRİŞ")),KASA!$J$2:$J$9980)),0)} -> 190 | F18: =SUMIFS(KASA!$I:$I, KASA!$C:$C, $C18, KASA!$B:$B, "MAL SATIŞI") + SUMIFS(KASA!$I:$I, KASA!$C:$C, $C18, KASA!$B:$B, "ÜRETİM ÇIKIŞ") -> 1.606 | G18: =SUMIFS(KASA!$I:$I, KASA!$C:$C, $C18, KASA!$B:$B, "MAL İADE") -> 0 | H18: =SUMIFS(KASA!$K:$K, KASA!$C:$C, $C18, KASA!$B:$B, "MAL İADE") + SUMIFS(KASA!$Q:$Q, KASA!$C:$C, $C18, KASA!$B:$B, "MAL İADE") -> 0 | I18: =F18+G18 -> 1.606 | J18: =E18*F18 -> 305.14 | K18: =SUMIFS(KASA!$Q:$Q, KASA!$C:$C, $C18, KASA!$B:$B, "MAL SATIŞI") + SUMIFS(KASA!$Q:$Q, KASA!$C:$C, $C18, KASA!$B:$B, "ÜRETİM ÇIKIŞ") -> 587.88 | L18: =SUMIFS(KASA!$K:$K, KASA!$C:$C, $C18, KASA!$B:$B, "MAL SATIŞI") + SUMIFS(KASA!$K:$K, KASA!$C:$C, $C18, KASA!$B:$B, "ÜRETİM ÇIKIŞ") -> 149.6 | M18: =K18+L18 -> 737.48 | N18: =M18-J18 -> 432.34 | O18: =IFERROR(((M18-J18)/J18),0) -> 1.4168578 | P18: =M18/F18 -> 459.20299 | Q18: =D18-F18-G18 -> 3.394 | R18: =Q18*E18 -> 644.86 | S18: =D18*E18 -> 950 | U18: =Q18-T18 -> 3.394 | V18: =SUMIF(KASA!$C$2:$C$9980, C18, KASA!$T$2:$T$9980) -> 3.394 | W18: =SUMIF(KASA!$C$2:$C$9980, C18, KASA!$U$2:$U$9980) -> 644.86 | X18: =V18-G18 -> 3.394 | Y18: =W18-H18 -> 644.86 | Z18: =SUMIF(KASA!$C$2:$C$9980, C18, KASA!$V$2:$V$9980) -> 950 | AA18: =Z18-W18 -> 305.14
C19: ZENCEFİL TOZ | D19: =SUMIFS(KASA!$I:$I, KASA!$C:$C, $C19, KASA!$B:$B, "MAL ALIMI") + SUMIFS(KASA!$I:$I, KASA!$C:$C, $C19, KASA!$B:$B, "ÜRETİM GİRİŞ") -> 15 | E19: {=IFERROR(AVERAGE(IF((KASA!$C$2:$C$9980=$C19)*((KASA!$B$2:$B$9980="MAL ALIMI")+(KASA!$B$2:$B$9980="ÜRETİM GİRİŞ")),KASA!$J$2:$J$9980)),0)} -> 180 | F19: =SUMIFS(KASA!$I:$I, KASA!$C:$C, $C19, KASA!$B:$B, "MAL SATIŞI") + SUMIFS(KASA!$I:$I, KASA!$C:$C, $C19, KASA!$B:$B, "ÜRETİM ÇIKIŞ") -> 8.1446111 | G19: =SUMIFS(KASA!$I:$I, KASA!$C:$C, $C19, KASA!$B:$B, "MAL İADE") -> 0 | H19: =SUMIFS(KASA!$K:$K, KASA!$C:$C, $C19, KASA!$B:$B, "MAL İADE") + SUMIFS(KASA!$Q:$Q, KASA!$C:$C, $C19, KASA!$B:$B, "MAL İADE") -> 0 | I19: =F19+G19 -> 8.1446111 | J19: =E19*F19 -> 1466.03 | K19: =SUMIFS(KASA!$Q:$Q, KASA!$C:$C, $C19, KASA!$B:$B, "MAL SATIŞI") + SUMIFS(KASA!$Q:$Q, KASA!$C:$C, $C19, KASA!$B:$B, "ÜRETİM ÇIKIŞ") -> 1754.24 | L19: =SUMIFS(KASA!$K:$K, KASA!$C:$C, $C19, KASA!$B:$B, "MAL SATIŞI") + SUMIFS(KASA!$K:$K, KASA!$C:$C, $C19, KASA!$B:$B, "ÜRETİM ÇIKIŞ") -> 1220.9075 | M19: =K19+L19 -> 2975.1475 | N19: =M19-J19 -> 1509.1175 | O19: =IFERROR(((M19-J19)/J19),0) -> 1.0293906 | P19: =M19/F19 -> 365.29031 | Q19: =D19-F19-G19 -> 6.8553889 | R19: =Q19*E19 -> 1233.97 | S19: =D19*E19 -> 2700 | U19: =Q19-T19 -> 6.8553889 | V19: =SUMIF(KASA!$C$2:$C$9980, C19, KASA!$T$2:$T$9980) -> 6.8553889 | W19: =SUMIF(KASA!$C$2:$C$9980, C19, KASA!$U$2:$U$9980) -> 1233.97 | X19: =V19-G19 -> 6.8553889 | Y19: =W19-H19 -> 1233.97 | Z19: =SUMIF(KASA!$C$2:$C$9980, C19, KASA!$V$2:$V$9980) -> 2700 | AA19: =Z19-W19 -> 1466.03
C20: ZERDEÇAL TOZ | D20: =SUMIFS(KASA!$I:$I, KASA!$C:$C, $C20, KASA!$B:$B, "MAL ALIMI") + SUMIFS(KASA!$I:$I, KASA!$C:$C, $C20, KASA!$B:$B, "ÜRETİM GİRİŞ") -> 20 | E20: {=IFERROR(AVERAGE(IF((KASA!$C$2:$C$9980=$C20)*((KASA!$B$2:$B$9980="MAL ALIMI")+(KASA!$B$2:$B$9980="ÜRETİM GİRİŞ")),KASA!$J$2:$J$9980)),0)} -> 125 | F20: =SUMIFS(KASA!$I:$I, KASA!$C:$C, $C20, KASA!$B:$B, "MAL SATIŞI") + SUMIFS(KASA!$I:$I, KASA!$C:$C, $C20, KASA!$B:$B, "ÜRETİM ÇIKIŞ") -> 14.6535 | G20: =SUMIFS(KASA!$I:$I, KASA!$C:$C, $C20, KASA!$B:$B, "MAL İADE") -> 0 | H20: =SUMIFS(KASA!$K:$K, KASA!$C:$C, $C20, KASA!$B:$B, "MAL İADE") + SUMIFS(KASA!$Q:$Q, KASA!$C:$C, $C20, KASA!$B:$B, "MAL İADE") -> 0 | I20: =F20+G20 -> 14.6535 | J20: =E20*F20 -> 1831.6875 | K20: =SUMIFS(KASA!$Q:$Q, KASA!$C:$C, $C20, KASA!$B:$B, "MAL SATIŞI") + SUMIFS(KASA!$Q:$Q, KASA!$C:$C, $C20, KASA!$B:$B, "ÜRETİM ÇIKIŞ") -> 2812.434 | L20: =SUMIFS(KASA!$K:$K, KASA!$C:$C, $C20, KASA!$B:$B, "MAL SATIŞI") + SUMIFS(KASA!$K:$K, KASA!$C:$C, $C20, KASA!$B:$B, "ÜRETİM ÇIKIŞ") -> 1340.416 | M20: =K20+L20 -> 4152.85 | N20: =M20-J20 -> 2321.1625 | O20: =IFERROR(((M20-J20)/J20),0) -> 1.2672263 | P20: =M20/F20 -> 283.40328 | Q20: =D20-F20-G20 -> 5.3465 | R20: =Q20*E20 -> 668.3125 | S20: =D20*E20 -> 2500 | U20: =Q20-T20 -> 5.3465 | V20: =SUMIF(KASA!$C$2:$C$9980, C20, KASA!$T$2:$T$9980) -> 5.3465 | W20: =SUMIF(KASA!$C$2:$C$9980, C20, KASA!$U$2:$U$9980) -> 668.3125 | X20: =V20-G20 -> 5.3465 | Y20: =W20-H20 -> 668.3125 | Z20: =SUMIF(KASA!$C$2:$C$9980, C20, KASA!$V$2:$V$9980) -> 2500 | AA20: =Z20-W20 -> 1831.6875
C21: KORİ (TAVUK BAHARATI) | D21: =SUMIFS(KASA!$I:$I, KASA!$C:$C, $C21, KASA!$B:$B, "MAL ALIMI") + SUMIFS(KASA!$I:$I, KASA!$C:$C, $C21, KASA!$B:$B, "ÜRETİM GİRİŞ") -> 10 | E21: {=IFERROR(AVERAGE(IF((KASA!$C$2:$C$9980=$C21)*((KASA!$B$2:$B$9980="MAL ALIMI")+(KASA!$B$2:$B$9980="ÜRETİM GİRİŞ")),KASA!$J$2:$J$9980)),0)} -> 70 | F21: =SUMIFS(KASA!$I:$I, KASA!$C:$C, $C21, KASA!$B:$B, "MAL SATIŞI") + SUMIFS(KASA!$I:$I, KASA!$C:$C, $C21, KASA!$B:$B, "ÜRETİM ÇIKIŞ") -> 2.4097143 | G21: =SUMIFS(KASA!$I:$I, KASA!$C:$C, $C21, KASA!$B:$B, "MAL İADE") -> 0 | H21: =SUMIFS(KASA!$K:$K, KASA!$C:$C, $C21, KASA!$B:$B, "MAL İADE") + SUMIFS(KASA!$Q:$Q, KASA!$C:$C, $C21, KASA!$B:$B, "MAL İADE") -> 0 | I21: =F21+G21 -> 2.4097143 | J21: =E21*F21 -> 168.68 | K21: =SUMIFS(KASA!$Q:$Q, KASA!$C:$C, $C21, KASA!$B:$B, "MAL SATIŞI") + SUMIFS(KASA!$Q:$Q, KASA!$C:$C, $C21, KASA!$B:$B, "ÜRETİM ÇIKIŞ") -> 236.32 | L21: =SUMIFS(KASA!$K:$K, KASA!$C:$C, $C21, KASA!$B:$B, "MAL SATIŞI") + SUMIFS(KASA!$K:$K, KASA!$C:$C, $C21, KASA!$B:$B, "ÜRETİM ÇIKIŞ") -> 91.12 | M21: =K21+L21 -> 327.44 | N21: =M21-J21 -> 158.76 | O21: =IFERROR(((M21-J21)/J21),0) -> 0.94119042 | P21: =M21/F21 -> 135.88333 | Q21: =D21-F21-G21 -> 7.5902857 | R21: =Q21*E21 -> 531.32 | S21: =D21*E21 -> 700 | U21: =Q21-T21 -> 7.5902857 | V21: =SUMIF(KASA!$C$2:$C$9980, C21, KASA!$T$2:$T$9980) -> 7.5902857 | W21: =SUMIF(KASA!$C$2:$C$9980, C21, KASA!$U$2:$U$9980) -> 531.32 | X21: =V21-G21 -> 7.5902857 | Y21: =W21-H21 -> 531.32 | Z21: =SUMIF(KASA!$C$2:$C$9980, C21, KASA!$V$2:$V$9980) -> 700 | AA21: =Z21-W21 -> 168.68
C22: NATTE LEZZET SOSU 980 GR | D22: =SUMIFS(KASA!$I:$I, KASA!$C:$C, $C22, KASA!$B:$B, "MAL ALIMI") + SUMIFS(KASA!$I:$I, KASA!$C:$C, $C22, KASA!$B:$B, "ÜRETİM GİRİŞ") -> 12 | E22: {=IFERROR(AVERAGE(IF((KASA!$C$2:$C$9980=$C22)*((KASA!$B$2:$B$9980="MAL ALIMI")+(KASA!$B$2:$B$9980="ÜRETİM GİRİŞ")),KASA!$J$2:$J$9980)),0)} -> 42 | F22: =SUMIFS(KASA!$I:$I, KASA!$C:$C, $C22, KASA!$B:$B, "MAL SATIŞI") + SUMIFS(KASA!$I:$I, KASA!$C:$C, $C22, KASA!$B:$B, "ÜRETİM ÇIKIŞ") -> 7 | G22: =SUMIFS(KASA!$I:$I, KASA!$C:$C, $C22, KASA!$B:$B, "MAL İADE") -> 0 | H22: =SUMIFS(KASA!$K:$K, KASA!$C:$C, $C22, KASA!$B:$B, "MAL İADE") + SUMIFS(KASA!$Q:$Q, KASA!$C:$C, $C22, KASA!$B:$B, "MAL İADE") -> 0 | I22: =F22+G22 -> 7 | J22: =E22*F22 -> 294 | K22: =SUMIFS(KASA!$Q:$Q, KASA!$C:$C, $C22, KASA!$B:$B, "MAL SATIŞI") + SUMIFS(KASA!$Q:$Q, KASA!$C:$C, $C22, KASA!$B:$B, "ÜRETİM ÇIKIŞ") -> 400 | L22: =SUMIFS(KASA!$K:$K, KASA!$C:$C, $C22, KASA!$B:$B, "MAL SATIŞI") + SUMIFS(KASA!$K:$K, KASA!$C:$C, $C22, KASA!$B:$B, "ÜRETİM ÇIKIŞ") -> 300 | M22: =K22+L22 -> 700 | N22: =M22-J22 -> 406 | O22: =IFERROR(((M22-J22)/J22),0) -> 1.3809524 | P22: =M22/F22 -> 100 | Q22: =D22-F22-G22 -> 5 | R22: =Q22*E22 -> 210 | S22: =D22*E22 -> 504 | T22: 7 | U22: =Q22-T22 -> -2 | V22: =SUMIF(KASA!$C$2:$C$9980, C22, KASA!$T$2:$T$9980) -> 5 | W22: =SUMIF(KASA!$C$2:$C$9980, C22, KASA!$U$2:$U$9980) -> 210 | X22: =V22-G22 -> 5 | Y22: =W22-H22 -> 210 | Z22: =SUMIF(KASA!$C$2:$C$9980, C22, KASA!$V$2:$V$9980) -> 504 | AA22: =Z22-W22 -> 294
C23: NATTE LEZZET SOSU 500 GR (NAR EKŞİSİ) | D23: =SUMIFS(KASA!$I:$I, KASA!$C:$C, $C23, KASA!$B:$B, "MAL ALIMI") + SUMIFS(KASA!$I:$I, KASA!$C:$C, $C23, KASA!$B:$B, "ÜRETİM GİRİŞ") -> 24 | E23: {=IFERROR(AVERAGE(IF((KASA!$C$2:$C$9980=$C23)*((KASA!$B$2:$B$9980="MAL ALIMI")+(KASA!$B$2:$B$9980="ÜRETİM GİRİŞ")),KASA!$J$2:$J$9980)),0)} -> 21 | F23: =SUMIFS(KASA!$I:$I, KASA!$C:$C, $C23, KASA!$B:$B, "MAL SATIŞI") + SUMIFS(KASA!$I:$I, KASA!$C:$C, $C23, KASA!$B:$B, "ÜRETİM ÇIKIŞ") -> 6 | G23: =SUMIFS(KASA!$I:$I, KASA!$C:$C, $C23, KASA!$B:$B, "MAL İADE") -> 0 | H23: =SUMIFS(KASA!$K:$K, KASA!$C:$C, $C23, KASA!$B:$B, "MAL İADE") + SUMIFS(KASA!$Q:$Q, KASA!$C:$C, $C23, KASA!$B:$B, "MAL İADE") -> 0 | I23: =F23+G23 -> 6 | J23: =E23*F23 -> 126 | K23: =SUMIFS(KASA!$Q:$Q, KASA!$C:$C, $C23, KASA!$B:$B, "MAL SATIŞI") + SUMIFS(KASA!$Q:$Q, KASA!$C:$C, $C23, KASA!$B:$B, "ÜRETİM ÇIKIŞ") -> 270 | L23: =SUMIFS(KASA!$K:$K, KASA!$C:$C, $C23, KASA!$B:$B, "MAL SATIŞI") + SUMIFS(KASA!$K:$K, KASA!$C:$C, $C23, KASA!$B:$B, "ÜRETİM ÇIKIŞ") -> 65 | M23: =K23+L23 -> 335 | N23: =M23-J23 -> 209 | O23: =IFERROR(((M23-J23)/J23),0) -> 1.6587302 | P23: =M23/F23 -> 55.833333 | Q23: =D23-F23-G23 -> 18 | R23: =Q23*E23 -> 378 | S23: =D23*E23 -> 504 | T23: 19 | U23: =Q23-T23 -> -1 | V23: =SUMIF(KASA!$C$2:$C$9980, C23, KASA!$T$2:$T$9980) -> 18 | W23: =SUMIF(KASA!$C$2:$C$9980, C23, KASA!$U$2:$U$9980) -> 378 | X23: =V23-G23 -> 18 | Y23: =W23-H23 -> 378 | Z23: =SUMIF(KASA!$C$2:$C$9980, C23, KASA!$V$2:$V$9980) -> 504 | AA23: =Z23-W23 -> 126
C24: LİMONSOSU 1 KG | D24: =SUMIFS(KASA!$I:$I, KASA!$C:$C, $C24, KASA!$B:$B, "MAL ALIMI") + SUMIFS(KASA!$I:$I, KASA!$C:$C, $C24, KASA!$B:$B, "ÜRETİM GİRİŞ") -> 12 | E24: {=IFERROR(AVERAGE(IF((KASA!$C$2:$C$9980=$C24)*((KASA!$B$2:$B$9980="MAL ALIMI")+(KASA!$B$2:$B$9980="ÜRETİM GİRİŞ")),KASA!$J$2:$J$9980)),0)} -> 40 | F24: =SUMIFS(KASA!$I:$I, KASA!$C:$C, $C24, KASA!$B:$B, "MAL SATIŞI") + SUMIFS(KASA!$I:$I, KASA!$C:$C, $C24, KASA!$B:$B, "ÜRETİM ÇIKIŞ") -> 5 | G24: =SUMIFS(KASA!$I:$I, KASA!$C:$C, $C24, KASA!$B:$B, "MAL İADE") -> 0 | H24: =SUMIFS(KASA!$K:$K, KASA!$C:$C, $C24, KASA!$B:$B, "MAL İADE") + SUMIFS(KASA!$Q:$Q, KASA!$C:$C, $C24, KASA!$B:$B, "MAL İADE") -> 0 | I24: =F24+G24 -> 5 | J24: =E24*F24 -> 200 | K24: =SUMIFS(KASA!$Q:$Q, KASA!$C:$C, $C24, KASA!$B:$B, "MAL SATIŞI") + SUMIFS(KASA!$Q:$Q, KASA!$C:$C, $C24, KASA!$B:$B, "ÜRETİM ÇIKIŞ") -> 240 | L24: =SUMIFS(KASA!$K:$K, KASA!$C:$C, $C24, KASA!$B:$B, "MAL SATIŞI") + SUMIFS(KASA!$K:$K, KASA!$C:$C, $C24, KASA!$B:$B, "ÜRETİM ÇIKIŞ") -> 160 | M24: =K24+L24 -> 400 | N24: =M24-J24 -> 200 | O24: =IFERROR(((M24-J24)/J24),0) -> 1 | P24: =M24/F24 -> 80 | Q24: =D24-F24-G24 -> 7 | R24: =Q24*E24 -> 280 | S24: =D24*E24 -> 480 | T24: 9 | U24: =Q24-T24 -> -2 | V24: =SUMIF(KASA!$C$2:$C$9980, C24, KASA!$T$2:$T$9980) -> 7 | W24: =SUMIF(KASA!$C$2:$C$9980, C24, KASA!$U$2:$U$9980) -> 280 | X24: =V24-G24 -> 7 | Y24: =W24-H24 -> 280 | Z24: =SUMIF(KASA!$C$2:$C$9980, C24, KASA!$V$2:$V$9980) -> 480 | AA24: =Z24-W24 -> 200
C25: KAFFKA MENENGİÇ KAHVESİ 150 GR | D25: =SUMIFS(KASA!$I:$I, KASA!$C:$C, $C25, KASA!$B:$B, "MAL ALIMI") + SUMIFS(KASA!$I:$I, KASA!$C:$C, $C25, KASA!$B:$B, "ÜRETİM GİRİŞ") -> 24 | E25: {=IFERROR(AVERAGE(IF((KASA!$C$2:$C$9980=$C25)*((KASA!$B$2:$B$9980="MAL ALIMI")+(KASA!$B$2:$B$9980="ÜRETİM GİRİŞ")),KASA!$J$2:$J$9980)),0)} -> 35 | F25: =SUMIFS(KASA!$I:$I, KASA!$C:$C, $C25, KASA!$B:$B, "MAL SATIŞI") + SUMIFS(KASA!$I:$I, KASA!$C:$C, $C25, KASA!$B:$B, "ÜRETİM ÇIKIŞ") -> 10 | G25: =SUMIFS(KASA!$I:$I, KASA!$C:$C, $C25, KASA!$B:$B, "MAL İADE") -> 0 | H25: =SUMIFS(KASA!$K:$K, KASA!$C:$C, $C25, KASA!$B:$B, "MAL İADE") + SUMIFS(KASA!$Q:$Q, KASA!$C:$C, $C25, KASA!$B:$B, "MAL İADE") -> 0 | I25: =F25+G25 -> 10 | J25: =E25*F25 -> 350 | K25: =SUMIFS(KASA!$Q:$Q, KASA!$C:$C, $C25, KASA!$B:$B, "MAL SATIŞI") + SUMIFS(KASA!$Q:$Q, KASA!$C:$C, $C25, KASA!$B:$B, "ÜRETİM ÇIKIŞ") -> 585 | L25: =SUMIFS(KASA!$K:$K, KASA!$C:$C, $C25, KASA!$B:$B, "MAL SATIŞI") + SUMIFS(KASA!$K:$K, KASA!$C:$C, $C25, KASA!$B:$B, "ÜRETİM ÇIKIŞ") -> 65 | M25: =K25+L25 -> 650 | N25: =M25-J25 -> 300 | O25: =IFERROR(((M25-J25)/J25),0) -> 0.85714286 | P25: =M25/F25 -> 65 | Q25: =D25-F25-G25 -> 14 | R25: =Q25*E25 -> 490 | S25: =D25*E25 -> 840 | T25: 14 | U25: =Q25-T25 -> 0 | V25: =SUMIF(KASA!$C$2:$C$9980, C25, KASA!$T$2:$T$9980) -> 14 | W25: =SUMIF(KASA!$C$2:$C$9980, C25, KASA!$U$2:$U$9980) -> 490 | X25: =V25-G25 -> 14 | Y25: =W25-H25 -> 490 | Z25: =SUMIF(KASA!$C$2:$C$9980, C25, KASA!$V$2:$V$9980) -> 840 | AA25: =Z25-W25 -> 350
C26: KAFFKA OSMANLI KAHVESİ 150 GR | D26: =SUMIFS(KASA!$I:$I, KASA!$C:$C, $C26, KASA!$B:$B, "MAL ALIMI") + SUMIFS(KASA!$I:$I, KASA!$C:$C, $C26, KASA!$B:$B, "ÜRETİM GİRİŞ") -> 24 | E26: {=IFERROR(AVERAGE(IF((KASA!$C$2:$C$9980=$C26)*((KASA!$B$2:$B$9980="MAL ALIMI")+(KASA!$B$2:$B$9980="ÜRETİM GİRİŞ")),KASA!$J$2:$J$9980)),0)} -> 35 | F26: =SUMIFS(KASA!$I:$I, KASA!$C:$C, $C26, KASA!$B:$B, "MAL SATIŞI") + SUMIFS(KASA!$I:$I, KASA!$C:$C, $C26, KASA!$B:$B, "ÜRETİM ÇIKIŞ") -> 15 | G26: =SUMIFS(KASA!$I:$I, KASA!$C:$C, $C26, KASA!$B:$B, "MAL İADE") -> 0 | H26: =SUMIFS(KASA!$K:$K, KASA!$C:$C, $C26, KASA!$B:$B, "MAL İADE") + SUMIFS(KASA!$Q:$Q, KASA!$C:$C, $C26, KASA!$B:$B, "MAL İADE") -> 0 | I26: =F26+G26 -> 15 | J26: =E26*F26 -> 525 | K26: =SUMIFS(KASA!$Q:$Q, KASA!$C:$C, $C26, KASA!$B:$B, "MAL SATIŞI") + SUMIFS(KASA!$Q:$Q, KASA!$C:$C, $C26, KASA!$B:$B, "ÜRETİM ÇIKIŞ") -> 605 | L26: =SUMIFS(KASA!$K:$K, KASA!$C:$C, $C26, KASA!$B:$B, "MAL SATIŞI") + SUMIFS(KASA!$K:$K, KASA!$C:$C, $C26, KASA!$B:$B, "ÜRETİM ÇIKIŞ") -> 335 | M26: =K26+L26 -> 940 | N26: =M26-J26 -> 415 | O26: =IFERROR(((M26-J26)/J26),0) -> 0.79047619 | P26: =M26/F26 -> 62.666667 | Q26: =D26-F26-G26 -> 9 | R26: =Q26*E26 -> 315 | S26: =D26*E26 -> 840 | T26: 10 | U26: =Q26-T26 -> -1 | V26: =SUMIF(KASA!$C$2:$C$9980, C26, KASA!$T$2:$T$9980) -> 9 | W26: =SUMIF(KASA!$C$2:$C$9980, C26, KASA!$U$2:$U$9980) -> 315 | X26: =V26-G26 -> 9 | Y26: =W26-H26 -> 315 | Z26: =SUMIF(KASA!$C$2:$C$9980, C26, KASA!$V$2:$V$9980) -> 840 | AA26: =Z26-W26 -> 525
C27: KAFFKA DİBEK KAHVESİ 150 GR | D27: =SUMIFS(KASA!$I:$I, KASA!$C:$C, $C27, KASA!$B:$B, "MAL ALIMI") + SUMIFS(KASA!$I:$I, KASA!$C:$C, $C27, KASA!$B:$B, "ÜRETİM GİRİŞ") -> 24 | E27: {=IFERROR(AVERAGE(IF((KASA!$C$2:$C$9980=$C27)*((KASA!$B$2:$B$9980="MAL ALIMI")+(KASA!$B$2:$B$9980="ÜRETİM GİRİŞ")),KASA!$J$2:$J$9980)),0)} -> 35 | F27: =SUMIFS(KASA!$I:$I, KASA!$C:$C, $C27, KASA!$B:$B, "MAL SATIŞI") + SUMIFS(KASA!$I:$I, KASA!$C:$C, $C27, KASA!$B:$B, "ÜRETİM ÇIKIŞ") -> 23 | G27: =SUMIFS(KASA!$I:$I, KASA!$C:$C, $C27, KASA!$B:$B, "MAL İADE") -> 0 | H27: =SUMIFS(KASA!$K:$K, KASA!$C:$C, $C27, KASA!$B:$B, "MAL İADE") + SUMIFS(KASA!$Q:$Q, KASA!$C:$C, $C27, KASA!$B:$B, "MAL İADE") -> 0 | I27: =F27+G27 -> 23 | J27: =E27*F27 -> 805 | K27: =SUMIFS(KASA!$Q:$Q, KASA!$C:$C, $C27, KASA!$B:$B, "MAL SATIŞI") + SUMIFS(KASA!$Q:$Q, KASA!$C:$C, $C27, KASA!$B:$B, "ÜRETİM ÇIKIŞ") -> 815 | L27: =SUMIFS(KASA!$K:$K, KASA!$C:$C, $C27, KASA!$B:$B, "MAL SATIŞI") + SUMIFS(KASA!$K:$K, KASA!$C:$C, $C27, KASA!$B:$B, "ÜRETİM ÇIKIŞ") -> 665 | M27: =K27+L27 -> 1480 | N27: =M27-J27 -> 675 | O27: =IFERROR(((M27-J27)/J27),0) -> 0.83850932 | P27: =M27/F27 -> 64.347826 | Q27: =D27-F27-G27 -> 1 | R27: =Q27*E27 -> 35 | S27: =D27*E27 -> 840 | T27: 5 | U27: =Q27-T27 -> -4 | V27: =SUMIF(KASA!$C$2:$C$9980, C27, KASA!$T$2:$T$9980) -> 1 | W27: =SUMIF(KASA!$C$2:$C$9980, C27, KASA!$U$2:$U$9980) -> 35 | X27: =V27-G27 -> 1 | Y27: =W27-H27 -> 35 | Z27: =SUMIF(KASA!$C$2:$C$9980, C27, KASA!$V$2:$V$9980) -> 840 | AA27: =Z27-W27 -> 805
C28: HASPİR | D28: =SUMIFS(KASA!$I:$I, KASA!$C:$C, $C28, KASA!$B:$B, "MAL ALIMI") + SUMIFS(KASA!$I:$I, KASA!$C:$C, $C28, KASA!$B:$B, "ÜRETİM GİRİŞ") -> 3 | E28: {=IFERROR(AVERAGE(IF((KASA!$C$2:$C$9980=$C28)*((KASA!$B$2:$B$9980="MAL ALIMI")+(KASA!$B$2:$B$9980="ÜRETİM GİRİŞ")),KASA!$J$2:$J$9980)),0)} -> 600 | F28: =SUMIFS(KASA!$I:$I, KASA!$C:$C, $C28, KASA!$B:$B, "MAL SATIŞI") + SUMIFS(KASA!$I:$I, KASA!$C:$C, $C28, KASA!$B:$B, "ÜRETİM ÇIKIŞ") -> 0.15 | G28: =SUMIFS(KASA!$I:$I, KASA!$C:$C, $C28, KASA!$B:$B, "MAL İADE") -> 1.85 | H28: =SUMIFS(KASA!$K:$K, KASA!$C:$C, $C28, KASA!$B:$B, "MAL İADE") + SUMIFS(KASA!$Q:$Q, KASA!$C:$C, $C28, KASA!$B:$B, "MAL İADE") -> 1017.5 | I28: =F28+G28 -> 2 | J28: =E28*F28 -> 90 | K28: =SUMIFS(KASA!$Q:$Q, KASA!$C:$C, $C28, KASA!$B:$B, "MAL SATIŞI") + SUMIFS(KASA!$Q:$Q, KASA!$C:$C, $C28, KASA!$B:$B, "ÜRETİM ÇIKIŞ") -> 200 | L28: =SUMIFS(KASA!$K:$K, KASA!$C:$C, $C28, KASA!$B:$B, "MAL SATIŞI") + SUMIFS(KASA!$K:$K, KASA!$C:$C, $C28, KASA!$B:$B, "ÜRETİM ÇIKIŞ") -> 100 | M28: =K28+L28 -> 300 | N28: =M28-J28 -> 210 | O28: =IFERROR(((M28-J28)/J28),0) -> 2.3333333 | P28: =M28/F28 -> 2000 | Q28: =D28-F28-G28 -> 1 | R28: =Q28*E28 -> 600 | S28: =D28*E28 -> 1800 | T28: 0.025 | U28: =Q28-T28 -> 0.975 | V28: =SUMIF(KASA!$C$2:$C$9980, C28, KASA!$T$2:$T$9980) -> 2.85 | W28: =SUMIF(KASA!$C$2:$C$9980, C28, KASA!$U$2:$U$9980) -> 1667.5 | X28: =V28-G28 -> 1 | Y28: =W28-H28 -> 650 | Z28: =SUMIF(KASA!$C$2:$C$9980, C28, KASA!$V$2:$V$9980) -> 1750 | AA28: =Z28-W28 -> 82.5
C29: ZAHTER | D29: =SUMIFS(KASA!$I:$I, KASA!$C:$C, $C29, KASA!$B:$B, "MAL ALIMI") + SUMIFS(KASA!$I:$I, KASA!$C:$C, $C29, KASA!$B:$B, "ÜRETİM GİRİŞ") -> 5 | E29: {=IFERROR(AVERAGE(IF((KASA!$C$2:$C$9980=$C29)*((KASA!$B$2:$B$9980="MAL ALIMI")+(KASA!$B$2:$B$9980="ÜRETİM GİRİŞ")),KASA!$J$2:$J$9980)),0)} -> 200 | F29: =SUMIFS(KASA!$I:$I, KASA!$C:$C, $C29, KASA!$B:$B, "MAL SATIŞI") + SUMIFS(KASA!$I:$I, KASA!$C:$C, $C29, KASA!$B:$B, "ÜRETİM ÇIKIŞ") -> 1.352 | G29: =SUMIFS(KASA!$I:$I, KASA!$C:$C, $C29, KASA!$B:$B, "MAL İADE") -> 0 | H29: =SUMIFS(KASA!$K:$K, KASA!$C:$C, $C29, KASA!$B:$B, "MAL İADE") + SUMIFS(KASA!$Q:$Q, KASA!$C:$C, $C29, KASA!$B:$B, "MAL İADE") -> 0 | I29: =F29+G29 -> 1.352 | J29: =E29*F29 -> 270.4 | K29: =SUMIFS(KASA!$Q:$Q, KASA!$C:$C, $C29, KASA!$B:$B, "MAL SATIŞI") + SUMIFS(KASA!$Q:$Q, KASA!$C:$C, $C29, KASA!$B:$B, "ÜRETİM ÇIKIŞ") -> 411.4 | L29: =SUMIFS(KASA!$K:$K, KASA!$C:$C, $C29, KASA!$B:$B, "MAL SATIŞI") + SUMIFS(KASA!$K:$K, KASA!$C:$C, $C29, KASA!$B:$B, "ÜRETİM ÇIKIŞ") -> 129.4 | M29: =K29+L29 -> 540.8 | N29: =M29-J29 -> 270.4 | O29: =IFERROR(((M29-J29)/J29),0) -> 1 | P29: =M29/F29 -> 400 | Q29: =D29-F29-G29 -> 3.648 | R29: =Q29*E29 -> 729.6 | S29: =D29*E29 -> 1000 | U29: =Q29-T29 -> 3.648 | V29: =SUMIF(KASA!$C$2:$C$9980, C29, KASA!$T$2:$T$9980) -> 3.648 | W29: =SUMIF(KASA!$C$2:$C$9980, C29, KASA!$U$2:$U$9980) -> 729.6 | X29: =V29-G29 -> 3.648 | Y29: =W29-H29 -> 729.6 | Z29: =SUMIF(KASA!$C$2:$C$9980, C29, KASA!$V$2:$V$9980) -> 1000 | AA29: =Z29-W29 -> 270.4
C30: MOR REYHAN | D30: =SUMIFS(KASA!$I:$I, KASA!$C:$C, $C30, KASA!$B:$B, "MAL ALIMI") + SUMIFS(KASA!$I:$I, KASA!$C:$C, $C30, KASA!$B:$B, "ÜRETİM GİRİŞ") -> 3 | E30: {=IFERROR(AVERAGE(IF((KASA!$C$2:$C$9980=$C30)*((KASA!$B$2:$B$9980="MAL ALIMI")+(KASA!$B$2:$B$9980="ÜRETİM GİRİŞ")),KASA!$J$2:$J$9980)),0)} -> 500 | F30: =SUMIFS(KASA!$I:$I, KASA!$C:$C, $C30, KASA!$B:$B, "MAL SATIŞI") + SUMIFS(KASA!$I:$I, KASA!$C:$C, $C30, KASA!$B:$B, "ÜRETİM ÇIKIŞ") -> 1.1 | G30: =SUMIFS(KASA!$I:$I, KASA!$C:$C, $C30, KASA!$B:$B, "MAL İADE") -> 1 | H30: =SUMIFS(KASA!$K:$K, KASA!$C:$C, $C30, KASA!$B:$B, "MAL İADE") + SUMIFS(KASA!$Q:$Q, KASA!$C:$C, $C30, KASA!$B:$B, "MAL İADE") -> 500 | I30: =F30+G30 -> 2.1 | J30: =E30*F30 -> 550 | K30: =SUMIFS(KASA!$Q:$Q, KASA!$C:$C, $C30, KASA!$B:$B, "MAL SATIŞI") + SUMIFS(KASA!$Q:$Q, KASA!$C:$C, $C30, KASA!$B:$B, "ÜRETİM ÇIKIŞ") -> 600 | L30: =SUMIFS(KASA!$K:$K, KASA!$C:$C, $C30, KASA!$B:$B, "MAL SATIŞI") + SUMIFS(KASA!$K:$K, KASA!$C:$C, $C30, KASA!$B:$B, "ÜRETİM ÇIKIŞ") -> 740 | M30: =K30+L30 -> 1340 | N30: =M30-J30 -> 790 | O30: =IFERROR(((M30-J30)/J30),0) -> 1.4363636 | P30: =M30/F30 -> 1218.1818 | Q30: =D30-F30-G30 -> 0.9 | R30: =Q30*E30 -> 450 | S30: =D30*E30 -> 1500 | T30: 0.05 | U30: =Q30-T30 -> 0.85 | V30: =SUMIF(KASA!$C$2:$C$9980, C30, KASA!$T$2:$T$9980) -> 1.9 | W30: =SUMIF(KASA!$C$2:$C$9980, C30, KASA!$U$2:$U$9980) -> 950 | X30: =V30-G30 -> 0.9 | Y30: =W30-H30 -> 450 | Z30: =SUMIF(KASA!$C$2:$C$9980, C30, KASA!$V$2:$V$9980) -> 1500 | AA30: =Z30-W30 -> 550
C31: HİBİSKUS | D31: =SUMIFS(KASA!$I:$I, KASA!$C:$C, $C31, KASA!$B:$B, "MAL ALIMI") + SUMIFS(KASA!$I:$I, KASA!$C:$C, $C31, KASA!$B:$B, "ÜRETİM GİRİŞ") -> 15 | E31: {=IFERROR(AVERAGE(IF((KASA!$C$2:$C$9980=$C31)*((KASA!$B$2:$B$9980="MAL ALIMI")+(KASA!$B$2:$B$9980="ÜRETİM GİRİŞ")),KASA!$J$2:$J$9980)),0)} -> 125 | F31: =SUMIFS(KASA!$I:$I, KASA!$C:$C, $C31, KASA!$B:$B, "MAL SATIŞI") + SUMIFS(KASA!$I:$I, KASA!$C:$C, $C31, KASA!$B:$B, "ÜRETİM ÇIKIŞ") -> 9.3393333 | G31: =SUMIFS(KASA!$I:$I, KASA!$C:$C, $C31, KASA!$B:$B, "MAL İADE") -> 0 | H31: =SUMIFS(KASA!$K:$K, KASA!$C:$C, $C31, KASA!$B:$B, "MAL İADE") + SUMIFS(KASA!$Q:$Q, KASA!$C:$C, $C31, KASA!$B:$B, "MAL İADE") -> 0 | I31: =F31+G31 -> 9.3393333 | J31: =E31*F31 -> 1167.4167 | K31: =SUMIFS(KASA!$Q:$Q, KASA!$C:$C, $C31, KASA!$B:$B, "MAL SATIŞI") + SUMIFS(KASA!$Q:$Q, KASA!$C:$C, $C31, KASA!$B:$B, "ÜRETİM ÇIKIŞ") -> 3207.96 | L31: =SUMIFS(KASA!$K:$K, KASA!$C:$C, $C31, KASA!$B:$B, "MAL SATIŞI") + SUMIFS(KASA!$K:$K, KASA!$C:$C, $C31, KASA!$B:$B, "ÜRETİM ÇIKIŞ") -> 1749 | M31: =K31+L31 -> 4956.96 | N31: =M31-J31 -> 3789.5433 | O31: =IFERROR(((M31-J31)/J31),0) -> 3.2460932 | P31: =M31/F31 -> 530.76165 | Q31: =D31-F31-G31 -> 5.6606667 | R31: =Q31*E31 -> 707.58333 | S31: =D31*E31 -> 1875 | T31: 8.734 | U31: =Q31-T31 -> -3.0733333 | V31: =SUMIF(KASA!$C$2:$C$9980, C31, KASA!$T$2:$T$9980) -> 5.6606667 | W31: =SUMIF(KASA!$C$2:$C$9980, C31, KASA!$U$2:$U$9980) -> 707.58333 | X31: =V31-G31 -> 5.6606667 | Y31: =W31-H31 -> 707.58333 | Z31: =SUMIF(KASA!$C$2:$C$9980, C31, KASA!$V$2:$V$9980) -> 1875 | AA31: =Z31-W31 -> 1167.4167
C32: ÇUBUK TARÇIN | D32: =SUMIFS(KASA!$I:$I, KASA!$C:$C, $C32, KASA!$B:$B, "MAL ALIMI") + SUMIFS(KASA!$I:$I, KASA!$C:$C, $C32, KASA!$B:$B, "ÜRETİM GİRİŞ") -> 20 | E32: {=IFERROR(AVERAGE(IF((KASA!$C$2:$C$9980=$C32)*((KASA!$B$2:$B$9980="MAL ALIMI")+(KASA!$B$2:$B$9980="ÜRETİM GİRİŞ")),KASA!$J$2:$J$9980)),0)} -> 235 | F32: =SUMIFS(KASA!$I:$I, KASA!$C:$C, $C32, KASA!$B:$B, "MAL SATIŞI") + SUMIFS(KASA!$I:$I, KASA!$C:$C, $C32, KASA!$B:$B, "ÜRETİM ÇIKIŞ") -> 9.698 | G32: =SUMIFS(KASA!$I:$I, KASA!$C:$C, $C32, KASA!$B:$B, "MAL İADE") -> 0 | H32: =SUMIFS(KASA!$K:$K, KASA!$C:$C, $C32, KASA!$B:$B, "MAL İADE") + SUMIFS(KASA!$Q:$Q, KASA!$C:$C, $C32, KASA!$B:$B, "MAL İADE") -> 0 | I32: =F32+G32 -> 9.698 | J32: =E32*F32 -> 2279.03 | K32: =SUMIFS(KASA!$Q:$Q, KASA!$C:$C, $C32, KASA!$B:$B, "MAL SATIŞI") + SUMIFS(KASA!$Q:$Q, KASA!$C:$C, $C32, KASA!$B:$B, "ÜRETİM ÇIKIŞ") -> 3624.17 | L32: =SUMIFS(KASA!$K:$K, KASA!$C:$C, $C32, KASA!$B:$B, "MAL SATIŞI") + SUMIFS(KASA!$K:$K, KASA!$C:$C, $C32, KASA!$B:$B, "ÜRETİM ÇIKIŞ") -> 2643 | M32: =K32+L32 -> 6267.17 | N32: =M32-J32 -> 3988.14 | O32: =IFERROR(((M32-J32)/J32),0) -> 1.7499287 | P32: =M32/F32 -> 646.23324 | Q32: =D32-F32-G32 -> 10.302 | R32: =Q32*E32 -> 2420.97 | S32: =D32*E32 -> 4700 | T32: 12.632 | U32: =Q32-T32 -> -2.33 | V32: =SUMIF(KASA!$C$2:$C$9980, C32, KASA!$T$2:$T$9980) -> 10.302 | W32: =SUMIF(KASA!$C$2:$C$9980, C32, KASA!$U$2:$U$9980) -> 2566.44 | X32: =V32-G32 -> 10.302 | Y32: =W32-H32 -> 2566.44 | Z32: =SUMIF(KASA!$C$2:$C$9980, C32, KASA!$V$2:$V$9980) -> 4700 | AA32: =Z32-W32 -> 2133.56
C33: TOZ TARÇIN | D33: =SUMIFS(KASA!$I:$I, KASA!$C:$C, $C33, KASA!$B:$B, "MAL ALIMI") + SUMIFS(KASA!$I:$I, KASA!$C:$C, $C33, KASA!$B:$B, "ÜRETİM GİRİŞ") -> 10 | E33: {=IFERROR(AVERAGE(IF((KASA!$C$2:$C$9980=$C33)*((KASA!$B$2:$B$9980="MAL ALIMI")+(KASA!$B$2:$B$9980="ÜRETİM GİRİŞ")),KASA!$J$2:$J$9980)),0)} -> 125 | F33: =SUMIFS(KASA!$I:$I, KASA!$C:$C, $C33, KASA!$B:$B, "MAL SATIŞI") + SUMIFS(KASA!$I:$I, KASA!$C:$C, $C33, KASA!$B:$B, "ÜRETİM ÇIKIŞ") -> 3.91 | G33: =SUMIFS(KASA!$I:$I, KASA!$C:$C, $C33, KASA!$B:$B, "MAL İADE") -> 0 | H33: =SUMIFS(KASA!$K:$K, KASA!$C:$C, $C33, KASA!$B:$B, "MAL İADE") + SUMIFS(KASA!$Q:$Q, KASA!$C:$C, $C33, KASA!$B:$B, "MAL İADE") -> 0 | I33: =F33+G33 -> 3.91 | J33: =E33*F33 -> 488.75 | K33: =SUMIFS(KASA!$Q:$Q, KASA!$C:$C, $C33, KASA!$B:$B, "MAL SATIŞI") + SUMIFS(KASA!$Q:$Q, KASA!$C:$C, $C33, KASA!$B:$B, "ÜRETİM ÇIKIŞ") -> 790.4 | L33: =SUMIFS(KASA!$K:$K, KASA!$C:$C, $C33, KASA!$B:$B, "MAL SATIŞI") + SUMIFS(KASA!$K:$K, KASA!$C:$C, $C33, KASA!$B:$B, "ÜRETİM ÇIKIŞ") -> 455 | M33: =K33+L33 -> 1245.4 | N33: =M33-J33 -> 756.65 | O33: =IFERROR(((M33-J33)/J33),0) -> 1.548133 | P33: =M33/F33 -> 318.51662 | Q33: =D33-F33-G33 -> 6.09 | R33: =Q33*E33 -> 761.25 | S33: =D33*E33 -> 1250 | T33: 6.69 | U33: =Q33-T33 -> -0.6 | V33: =SUMIF(KASA!$C$2:$C$9980, C33, KASA!$T$2:$T$9980) -> 6.09 | W33: =SUMIF(KASA!$C$2:$C$9980, C33, KASA!$U$2:$U$9980) -> 761.25 | X33: =V33-G33 -> 6.09 | Y33: =W33-H33 -> 761.25 | Z33: =SUMIF(KASA!$C$2:$C$9980, C33, KASA!$V$2:$V$9980) -> 1250 | AA33: =Z33-W33 -> 488.75
C34: SUSAM | D34: =SUMIFS(KASA!$I:$I, KASA!$C:$C, $C34, KASA!$B:$B, "MAL ALIMI") + SUMIFS(KASA!$I:$I, KASA!$C:$C, $C34, KASA!$B:$B, "ÜRETİM GİRİŞ") -> 28 | E34: {=IFERROR(AVERAGE(IF((KASA!$C$2:$C$9980=$C34)*((KASA!$B$2:$B$9980="MAL ALIMI")+(KASA!$B$2:$B$9980="ÜRETİM GİRİŞ")),KASA!$J$2:$J$9980)),0)} -> 95 | F34: =SUMIFS(KASA!$I:$I, KASA!$C:$C, $C34, KASA!$B:$B, "MAL SATIŞI") + SUMIFS(KASA!$I:$I, KASA!$C:$C, $C34, KASA!$B:$B, "ÜRETİM ÇIKIŞ") -> 15.1 | G34: =SUMIFS(KASA!$I:$I, KASA!$C:$C, $C34, KASA!$B:$B, "MAL İADE") -> 11 | H34: =SUMIFS(KASA!$K:$K, KASA!$C:$C, $C34, KASA!$B:$B, "MAL İADE") + SUMIFS(KASA!$Q:$Q, KASA!$C:$C, $C34, KASA!$B:$B, "MAL İADE") -> 880 | I34: =F34+G34 -> 26.1 | J34: =E34*F34 -> 1434.5 | K34: =SUMIFS(KASA!$Q:$Q, KASA!$C:$C, $C34, KASA!$B:$B, "MAL SATIŞI") + SUMIFS(KASA!$Q:$Q, KASA!$C:$C, $C34, KASA!$B:$B, "ÜRETİM ÇIKIŞ") -> 2180 | L34: =SUMIFS(KASA!$K:$K, KASA!$C:$C, $C34, KASA!$B:$B, "MAL SATIŞI") + SUMIFS(KASA!$K:$K, KASA!$C:$C, $C34, KASA!$B:$B, "ÜRETİM ÇIKIŞ") -> 655 | M34: =K34+L34 -> 2835 | N34: =M34-J34 -> 1400.5 | O34: =IFERROR(((M34-J34)/J34),0) -> 0.97629836 | P34: =M34/F34 -> 187.74834 | Q34: =D34-F34-G34 -> 1.9 | R34: =Q34*E34 -> 180.5 | S34: =D34*E34 -> 2660 | U34: =Q34-T34 -> 1.9 | V34: =SUMIF(KASA!$C$2:$C$9980, C34, KASA!$T$2:$T$9980) -> 12.9 | W34: =SUMIF(KASA!$C$2:$C$9980, C34, KASA!$U$2:$U$9980) -> 1122 | X34: =V34-G34 -> 1.9 | Y34: =W34-H34 -> 242 | Z34: =SUMIF(KASA!$C$2:$C$9980, C34, KASA!$V$2:$V$9980) -> 2330 | AA34: =Z34-W34 -> 1208
C35: SUSAM KIRMIZI | D35: =SUMIFS(KASA!$I:$I, KASA!$C:$C, $C35, KASA!$B:$B, "MAL ALIMI") + SUMIFS(KASA!$I:$I, KASA!$C:$C, $C35, KASA!$B:$B, "ÜRETİM GİRİŞ") -> 10 | E35: {=IFERROR(AVERAGE(IF((KASA!$C$2:$C$9980=$C35)*((KASA!$B$2:$B$9980="MAL ALIMI")+(KASA!$B$2:$B$9980="ÜRETİM GİRİŞ")),KASA!$J$2:$J$9980)),0)} -> 70 | F35: =SUMIFS(KASA!$I:$I, KASA!$C:$C, $C35, KASA!$B:$B, "MAL SATIŞI") + SUMIFS(KASA!$I:$I, KASA!$C:$C, $C35, KASA!$B:$B, "ÜRETİM ÇIKIŞ") -> 1.8 | G35: =SUMIFS(KASA!$I:$I, KASA!$C:$C, $C35, KASA!$B:$B, "MAL İADE") -> 7.86 | H35: =SUMIFS(KASA!$K:$K, KASA!$C:$C, $C35, KASA!$B:$B, "MAL İADE") + SUMIFS(KASA!$Q:$Q, KASA!$C:$C, $C35, KASA!$B:$B, "MAL İADE") -> 550.2 | I35: =F35+G35 -> 9.66 | J35: =E35*F35 -> 126 | K35: =SUMIFS(KASA!$Q:$Q, KASA!$C:$C, $C35, KASA!$B:$B, "MAL SATIŞI") + SUMIFS(KASA!$Q:$Q, KASA!$C:$C, $C35, KASA!$B:$B, "ÜRETİM ÇIKIŞ") -> 325.16 | L35: =SUMIFS(KASA!$K:$K, KASA!$C:$C, $C35, KASA!$B:$B, "MAL SATIŞI") + SUMIFS(KASA!$K:$K, KASA!$C:$C, $C35, KASA!$B:$B, "ÜRETİM ÇIKIŞ") -> 205.2 | M35: =K35+L35 -> 530.36 | N35: =M35-J35 -> 404.36 | O35: =IFERROR(((M35-J35)/J35),0) -> 3.2092063 | P35: =M35/F35 -> 294.64444 | Q35: =D35-F35-G35 -> 0.34 | R35: =Q35*E35 -> 23.8 | S35: =D35*E35 -> 700 | U35: =Q35-T35 -> 0.34 | V35: =SUMIF(KASA!$C$2:$C$9980, C35, KASA!$T$2:$T$9980) -> 8.2 | W35: =SUMIF(KASA!$C$2:$C$9980, C35, KASA!$U$2:$U$9980) -> 574 | X35: =V35-G35 -> 0.34 | Y35: =W35-H35 -> 23.8 | Z35: =SUMIF(KASA!$C$2:$C$9980, C35, KASA!$V$2:$V$9980) -> 700 | AA35: =Z35-W35 -> 126
C36: ÇÖREKOTU | D36: =SUMIFS(KASA!$I:$I, KASA!$C:$C, $C36, KASA!$B:$B, "MAL ALIMI") + SUMIFS(KASA!$I:$I, KASA!$C:$C, $C36, KASA!$B:$B, "ÜRETİM GİRİŞ") -> 25 | E36: {=IFERROR(AVERAGE(IF((KASA!$C$2:$C$9980=$C36)*((KASA!$B$2:$B$9980="MAL ALIMI")+(KASA!$B$2:$B$9980="ÜRETİM GİRİŞ")),KASA!$J$2:$J$9980)),0)} -> 150 | F36: =SUMIFS(KASA!$I:$I, KASA!$C:$C, $C36, KASA!$B:$B, "MAL SATIŞI") + SUMIFS(KASA!$I:$I, KASA!$C:$C, $C36, KASA!$B:$B, "ÜRETİM ÇIKIŞ") -> 7.2166667 | G36: =SUMIFS(KASA!$I:$I, KASA!$C:$C, $C36, KASA!$B:$B, "MAL İADE") -> 0 | H36: =SUMIFS(KASA!$K:$K, KASA!$C:$C, $C36, KASA!$B:$B, "MAL İADE") + SUMIFS(KASA!$Q:$Q, KASA!$C:$C, $C36, KASA!$B:$B, "MAL İADE") -> 0 | I36: =F36+G36 -> 7.2166667 | J36: =E36*F36 -> 1082.5 | K36: =SUMIFS(KASA!$Q:$Q, KASA!$C:$C, $C36, KASA!$B:$B, "MAL SATIŞI") + SUMIFS(KASA!$Q:$Q, KASA!$C:$C, $C36, KASA!$B:$B, "ÜRETİM ÇIKIŞ") -> 1190.75 | L36: =SUMIFS(KASA!$K:$K, KASA!$C:$C, $C36, KASA!$B:$B, "MAL SATIŞI") + SUMIFS(KASA!$K:$K, KASA!$C:$C, $C36, KASA!$B:$B, "ÜRETİM ÇIKIŞ") -> 1075 | M36: =K36+L36 -> 2265.75 | N36: =M36-J36 -> 1183.25 | O36: =IFERROR(((M36-J36)/J36),0) -> 1.0930716 | P36: =M36/F36 -> 313.96074 | Q36: =D36-F36-G36 -> 17.783333 | R36: =Q36*E36 -> 2667.5 | S36: =D36*E36 -> 3750 | T36: 19.76 | U36: =Q36-T36 -> -1.9766667 | V36: =SUMIF(KASA!$C$2:$C$9980, C36, KASA!$T$2:$T$9980) -> 17.783333 | W36: =SUMIF(KASA!$C$2:$C$9980, C36, KASA!$U$2:$U$9980) -> 2667.5 | X36: =V36-G36 -> 17.783333 | Y36: =W36-H36 -> 2667.5 | Z36: =SUMIF(KASA!$C$2:$C$9980, C36, KASA!$V$2:$V$9980) -> 3750 | AA36: =Z36-W36 -> 1082.5
C37: SALÇA ACI (EV YAPIMI) | D37: =SUMIFS(KASA!$I:$I, KASA!$C:$C, $C37, KASA!$B:$B, "MAL ALIMI") + SUMIFS(KASA!$I:$I, KASA!$C:$C, $C37, KASA!$B:$B, "ÜRETİM GİRİŞ") -> 193.5 | E37: {=IFERROR(AVERAGE(IF((KASA!$C$2:$C$9980=$C37)*((KASA!$B$2:$B$9980="MAL ALIMI")+(KASA!$B$2:$B$9980="ÜRETİM GİRİŞ")),KASA!$J$2:$J$9980)),0)} -> 98.1912 | F37: =SUMIFS(KASA!$I:$I, KASA!$C:$C, $C37, KASA!$B:$B, "MAL SATIŞI") + SUMIFS(KASA!$I:$I, KASA!$C:$C, $C37, KASA!$B:$B, "ÜRETİM ÇIKIŞ") -> 114.975 | G37: =SUMIFS(KASA!$I:$I, KASA!$C:$C, $C37, KASA!$B:$B, "MAL İADE") -> 0 | H37: =SUMIFS(KASA!$K:$K, KASA!$C:$C, $C37, KASA!$B:$B, "MAL İADE") + SUMIFS(KASA!$Q:$Q, KASA!$C:$C, $C37, KASA!$B:$B, "MAL İADE") -> 0 | I37: =F37+G37 -> 114.975 | J37: =E37*F37 -> 11289.533 | K37: =SUMIFS(KASA!$Q:$Q, KASA!$C:$C, $C37, KASA!$B:$B, "MAL SATIŞI") + SUMIFS(KASA!$Q:$Q, KASA!$C:$C, $C37, KASA!$B:$B, "ÜRETİM ÇIKIŞ") -> 12129.788 | L37: =SUMIFS(KASA!$K:$K, KASA!$C:$C, $C37, KASA!$B:$B, "MAL SATIŞI") + SUMIFS(KASA!$K:$K, KASA!$C:$C, $C37, KASA!$B:$B, "ÜRETİM ÇIKIŞ") -> 8518.0192 | M37: =K37+L37 -> 20647.808 | N37: =M37-J37 -> 9358.2744 | O37: =IFERROR(((M37-J37)/J37),0) -> 0.82893369 | P37: =M37/F37 -> 179.58519 | Q37: =D37-F37-G37 -> 78.525 | R37: =Q37*E37 -> 7710.464 | S37: =D37*E37 -> 18999.997 | T37: =96.75+6 -> 102.75 | U37: =Q37-T37 -> -24.225 | V37: =SUMIF(KASA!$C$2:$C$9980, C37, KASA!$T$2:$T$9980) -> 78.525 | W37: =SUMIF(KASA!$C$2:$C$9980, C37, KASA!$U$2:$U$9980) -> 7710.464 | X37: =V37-G37 -> 78.525 | Y37: =W37-H37 -> 7710.464 | Z37: =SUMIF(KASA!$C$2:$C$9980, C37, KASA!$V$2:$V$9980) -> 18999.997 | AA37: =Z37-W37 -> 11289.533
C38: SALÇA TATLI (EV YAPIMI) | D38: =SUMIFS(KASA!$I:$I, KASA!$C:$C, $C38, KASA!$B:$B, "MAL ALIMI") + SUMIFS(KASA!$I:$I, KASA!$C:$C, $C38, KASA!$B:$B, "ÜRETİM GİRİŞ") -> 290.25 | E38: {=IFERROR(AVERAGE(IF((KASA!$C$2:$C$9980=$C38)*((KASA!$B$2:$B$9980="MAL ALIMI")+(KASA!$B$2:$B$9980="ÜRETİM GİRİŞ")),KASA!$J$2:$J$9980)),0)} -> 98.1912 | F38: =SUMIFS(KASA!$I:$I, KASA!$C:$C, $C38, KASA!$B:$B, "MAL SATIŞI") + SUMIFS(KASA!$I:$I, KASA!$C:$C, $C38, KASA!$B:$B, "ÜRETİM ÇIKIŞ") -> 278.226 | G38: =SUMIFS(KASA!$I:$I, KASA!$C:$C, $C38, KASA!$B:$B, "MAL İADE") -> 0 | H38: =SUMIFS(KASA!$K:$K, KASA!$C:$C, $C38, KASA!$B:$B, "MAL İADE") + SUMIFS(KASA!$Q:$Q, KASA!$C:$C, $C38, KASA!$B:$B, "MAL İADE") -> 0 | I38: =F38+G38 -> 278.226 | J38: =E38*F38 -> 27319.345 | K38: =SUMIFS(KASA!$Q:$Q, KASA!$C:$C, $C38, KASA!$B:$B, "MAL SATIŞI") + SUMIFS(KASA!$Q:$Q, KASA!$C:$C, $C38, KASA!$B:$B, "ÜRETİM ÇIKIŞ") -> 28032.484 | L38: =SUMIFS(KASA!$K:$K, KASA!$C:$C, $C38, KASA!$B:$B, "MAL SATIŞI") + SUMIFS(KASA!$K:$K, KASA!$C:$C, $C38, KASA!$B:$B, "ÜRETİM ÇIKIŞ") -> 18668 | M38: =K38+L38 -> 46700.484 | N38: =M38-J38 -> 19381.139 | O38: =IFERROR(((M38-J38)/J38),0) -> 0.70942914 | P38: =M38/F38 -> 167.8509 | Q38: =D38-F38-G38 -> 12.024 | R38: =Q38*E38 -> 1180.651 | S38: =D38*E38 -> 28499.996 | T38: =116.1+6.784 -> 122.884 | U38: =Q38-T38 -> -110.86 | V38: =SUMIF(KASA!$C$2:$C$9980, C38, KASA!$T$2:$T$9980) -> 12.024 | W38: =SUMIF(KASA!$C$2:$C$9980, C38, KASA!$U$2:$U$9980) -> 1180.651 | X38: =V38-G38 -> 12.024 | Y38: =W38-H38 -> 1180.651 | Z38: =SUMIF(KASA!$C$2:$C$9980, C38, KASA!$V$2:$V$9980) -> 28499.996 | AA38: =Z38-W38 -> 27319.345
C39: DOMATES SALÇASI | D39: =SUMIFS(KASA!$I:$I, KASA!$C:$C, $C39, KASA!$B:$B, "MAL ALIMI") + SUMIFS(KASA!$I:$I, KASA!$C:$C, $C39, KASA!$B:$B, "ÜRETİM GİRİŞ") -> 483.75 | E39: {=IFERROR(AVERAGE(IF((KASA!$C$2:$C$9980=$C39)*((KASA!$B$2:$B$9980="MAL ALIMI")+(KASA!$B$2:$B$9980="ÜRETİM GİRİŞ")),KASA!$J$2:$J$9980)),0)} -> 65.891435 | F39: =SUMIFS(KASA!$I:$I, KASA!$C:$C, $C39, KASA!$B:$B, "MAL SATIŞI") + SUMIFS(KASA!$I:$I, KASA!$C:$C, $C39, KASA!$B:$B, "ÜRETİM ÇIKIŞ") -> 279.91333 | G39: =SUMIFS(KASA!$I:$I, KASA!$C:$C, $C39, KASA!$B:$B, "MAL İADE") -> 193.5 | H39: =SUMIFS(KASA!$K:$K, KASA!$C:$C, $C39, KASA!$B:$B, "MAL İADE") + SUMIFS(KASA!$Q:$Q, KASA!$C:$C, $C39, KASA!$B:$B, "MAL İADE") -> 12000 | I39: =F39+G39 -> 473.41333 | J39: =E39*F39 -> 18443.891 | K39: =SUMIFS(KASA!$Q:$Q, KASA!$C:$C, $C39, KASA!$B:$B, "MAL SATIŞI") + SUMIFS(KASA!$Q:$Q, KASA!$C:$C, $C39, KASA!$B:$B, "ÜRETİM ÇIKIŞ") -> 25804.57 | L39: =SUMIFS(KASA!$K:$K, KASA!$C:$C, $C39, KASA!$B:$B, "MAL SATIŞI") + SUMIFS(KASA!$K:$K, KASA!$C:$C, $C39, KASA!$B:$B, "ÜRETİM ÇIKIŞ") -> 10967.06 | M39: =K39+L39 -> 36771.63 | N39: =M39-J39 -> 18327.739 | O39: =IFERROR(((M39-J39)/J39),0) -> 0.9937024 | P39: =M39/F39 -> 131.36791 | Q39: =D39-F39-G39 -> 10.336667 | R39: =Q39*E39 -> 681.0978 | S39: =D39*E39 -> 31874.982 | T39: =96.75+15 -> 111.75 | U39: =Q39-T39 -> -101.41333 | V39: =SUMIF(KASA!$C$2:$C$9980, C39, KASA!$T$2:$T$9980) -> 203.83667 | W39: =SUMIF(KASA!$C$2:$C$9980, C39, KASA!$U$2:$U$9980) -> 12694.452 | X39: =V39-G39 -> 10.336667 | Y39: =W39-H39 -> 694.45207 | Z39: =SUMIF(KASA!$C$2:$C$9980, C39, KASA!$V$2:$V$9980) -> 31499.989 | AA39: =Z39-W39 -> 18805.537
C40: DOLMALIK KURU PATLICAN | D40: =SUMIFS(KASA!$I:$I, KASA!$C:$C, $C40, KASA!$B:$B, "MAL ALIMI") + SUMIFS(KASA!$I:$I, KASA!$C:$C, $C40, KASA!$B:$B, "ÜRETİM GİRİŞ") -> 440 | E40: {=IFERROR(AVERAGE(IF((KASA!$C$2:$C$9980=$C40)*((KASA!$B$2:$B$9980="MAL ALIMI")+(KASA!$B$2:$B$9980="ÜRETİM GİRİŞ")),KASA!$J$2:$J$9980)),0)} -> 160 | F40: =SUMIFS(KASA!$I:$I, KASA!$C:$C, $C40, KASA!$B:$B, "MAL SATIŞI") + SUMIFS(KASA!$I:$I, KASA!$C:$C, $C40, KASA!$B:$B, "ÜRETİM ÇIKIŞ") -> 424.7 | G40: =SUMIFS(KASA!$I:$I, KASA!$C:$C, $C40, KASA!$B:$B, "MAL İADE") -> 0 | H40: =SUMIFS(KASA!$K:$K, KASA!$C:$C, $C40, KASA!$B:$B, "MAL İADE") + SUMIFS(KASA!$Q:$Q, KASA!$C:$C, $C40, KASA!$B:$B, "MAL İADE") -> 0 | I40: =F40+G40 -> 424.7 | J40: =E40*F40 -> 67952 | K40: =SUMIFS(KASA!$Q:$Q, KASA!$C:$C, $C40, KASA!$B:$B, "MAL SATIŞI") + SUMIFS(KASA!$Q:$Q, KASA!$C:$C, $C40, KASA!$B:$B, "ÜRETİM ÇIKIŞ") -> 49681.5 | L40: =SUMIFS(KASA!$K:$K, KASA!$C:$C, $C40, KASA!$B:$B, "MAL SATIŞI") + SUMIFS(KASA!$K:$K, KASA!$C:$C, $C40, KASA!$B:$B, "ÜRETİM ÇIKIŞ") -> 50585 | M40: =K40+L40 -> 100266.5 | N40: =M40-J40 -> 32314.5 | O40: =IFERROR(((M40-J40)/J40),0) -> 0.47554892 | P40: =M40/F40 -> 236.08783 | Q40: =D40-F40-G40 -> 15.3 | R40: =Q40*E40 -> 2448 | S40: =D40*E40 -> 70400 | T40: 88.5 | U40: =Q40-T40 -> -73.2 | V40: =SUMIF(KASA!$C$2:$C$9980, C40, KASA!$T$2:$T$9980) -> 15.3 | W40: =SUMIF(KASA!$C$2:$C$9980, C40, KASA!$U$2:$U$9980) -> 2907 | X40: =V40-G40 -> 15.3 | Y40: =W40-H40 -> 2907 | Z40: =SUMIF(KASA!$C$2:$C$9980, C40, KASA!$V$2:$V$9980) -> 68800 | AA40: =Z40-W40 -> 65893
C41: DOLMALIK SARI BİBER | D41: =SUMIFS(KASA!$I:$I, KASA!$C:$C, $C41, KASA!$B:$B, "MAL ALIMI") + SUMIFS(KASA!$I:$I, KASA!$C:$C, $C41, KASA!$B:$B, "ÜRETİM GİRİŞ") -> 280 | E41: {=IFERROR(AVERAGE(IF((KASA!$C$2:$C$9980=$C41)*((KASA!$B$2:$B$9980="MAL ALIMI")+(KASA!$B$2:$B$9980="ÜRETİM GİRİŞ")),KASA!$J$2:$J$9980)),0)} -> 135 | F41: =SUMIFS(KASA!$I:$I, KASA!$C:$C, $C41, KASA!$B:$B, "MAL SATIŞI") + SUMIFS(KASA!$I:$I, KASA!$C:$C, $C41, KASA!$B:$B, "ÜRETİM ÇIKIŞ") -> 229.231 | G41: =SUMIFS(KASA!$I:$I, KASA!$C:$C, $C41, KASA!$B:$B, "MAL İADE") -> 0 | H41: =SUMIFS(KASA!$K:$K, KASA!$C:$C, $C41, KASA!$B:$B, "MAL İADE") + SUMIFS(KASA!$Q:$Q, KASA!$C:$C, $C41, KASA!$B:$B, "MAL İADE") -> 0 | I41: =F41+G41 -> 229.231 | J41: =E41*F41 -> 30946.185 | K41: =SUMIFS(KASA!$Q:$Q, KASA!$C:$C, $C41, KASA!$B:$B, "MAL SATIŞI") + SUMIFS(KASA!$Q:$Q, KASA!$C:$C, $C41, KASA!$B:$B, "ÜRETİM ÇIKIŞ") -> 25543.6 | L41: =SUMIFS(KASA!$K:$K, KASA!$C:$C, $C41, KASA!$B:$B, "MAL SATIŞI") + SUMIFS(KASA!$K:$K, KASA!$C:$C, $C41, KASA!$B:$B, "ÜRETİM ÇIKIŞ") -> 23527.53 | M41: =K41+L41 -> 49071.13 | N41: =M41-J41 -> 18124.945 | O41: =IFERROR(((M41-J41)/J41),0) -> 0.58569239 | P41: =M41/F41 -> 214.06847 | Q41: =D41-F41-G41 -> 50.769 | R41: =Q41*E41 -> 6853.815 | S41: =D41*E41 -> 37800 | T41: =6+11+14+60 -> 91 | U41: =Q41-T41 -> -40.231 | V41: =SUMIF(KASA!$C$2:$C$9980, C41, KASA!$T$2:$T$9980) -> 50.769 | W41: =SUMIF(KASA!$C$2:$C$9980, C41, KASA!$U$2:$U$9980) -> 7107.66 | X41: =V41-G41 -> 50.769 | Y41: =W41-H41 -> 7107.66 | Z41: =SUMIF(KASA!$C$2:$C$9980, C41, KASA!$V$2:$V$9980) -> 38000 | AA41: =Z41-W41 -> 30892.34
C42: DOLMALIK KURU KABAK | D42: =SUMIFS(KASA!$I:$I, KASA!$C:$C, $C42, KASA!$B:$B, "MAL ALIMI") + SUMIFS(KASA!$I:$I, KASA!$C:$C, $C42, KASA!$B:$B, "ÜRETİM GİRİŞ") -> 40 | E42: {=IFERROR(AVERAGE(IF((KASA!$C$2:$C$9980=$C42)*((KASA!$B$2:$B$9980="MAL ALIMI")+(KASA!$B$2:$B$9980="ÜRETİM GİRİŞ")),KASA!$J$2:$J$9980)),0)} -> 175 | F42: =SUMIFS(KASA!$I:$I, KASA!$C:$C, $C42, KASA!$B:$B, "MAL SATIŞI") + SUMIFS(KASA!$I:$I, KASA!$C:$C, $C42, KASA!$B:$B, "ÜRETİM ÇIKIŞ") -> 40 | G42: =SUMIFS(KASA!$I:$I, KASA!$C:$C, $C42, KASA!$B:$B, "MAL İADE") -> 0 | H42: =SUMIFS(KASA!$K:$K, KASA!$C:$C, $C42, KASA!$B:$B, "MAL İADE") + SUMIFS(KASA!$Q:$Q, KASA!$C:$C, $C42, KASA!$B:$B, "MAL İADE") -> 0 | I42: =F42+G42 -> 40 | J42: =E42*F42 -> 7000 | K42: =SUMIFS(KASA!$Q:$Q, KASA!$C:$C, $C42, KASA!$B:$B, "MAL SATIŞI") + SUMIFS(KASA!$Q:$Q, KASA!$C:$C, $C42, KASA!$B:$B, "ÜRETİM ÇIKIŞ") -> 6938 | L42: =SUMIFS(KASA!$K:$K, KASA!$C:$C, $C42, KASA!$B:$B, "MAL SATIŞI") + SUMIFS(KASA!$K:$K, KASA!$C:$C, $C42, KASA!$B:$B, "ÜRETİM ÇIKIŞ") -> 2966 | M42: =K42+L42 -> 9904 | N42: =M42-J42 -> 2904 | O42: =IFERROR(((M42-J42)/J42),0) -> 0.41485714 | P42: =M42/F42 -> 247.6 | Q42: =D42-F42-G42 -> 0 | R42: =Q42*E42 -> 0 | S42: =D42*E42 -> 7000 | T42: 0 | U42: =Q42-T42 -> 0 | V42: =SUMIF(KASA!$C$2:$C$9980, C42, KASA!$T$2:$T$9980) -> 0 | W42: =SUMIF(KASA!$C$2:$C$9980, C42, KASA!$U$2:$U$9980) -> 0 | X42: =V42-G42 -> 0 | Y42: =W42-H42 -> 0 | Z42: =SUMIF(KASA!$C$2:$C$9980, C42, KASA!$V$2:$V$9980) -> 7000 | AA42: =Z42-W42 -> 7000
C43: HASEVLİK | D43: =SUMIFS(KASA!$I:$I, KASA!$C:$C, $C43, KASA!$B:$B, "MAL ALIMI") + SUMIFS(KASA!$I:$I, KASA!$C:$C, $C43, KASA!$B:$B, "ÜRETİM GİRİŞ") -> 25 | E43: {=IFERROR(AVERAGE(IF((KASA!$C$2:$C$9980=$C43)*((KASA!$B$2:$B$9980="MAL ALIMI")+(KASA!$B$2:$B$9980="ÜRETİM GİRİŞ")),KASA!$J$2:$J$9980)),0)} -> 210 | F43: =SUMIFS(KASA!$I:$I, KASA!$C:$C, $C43, KASA!$B:$B, "MAL SATIŞI") + SUMIFS(KASA!$I:$I, KASA!$C:$C, $C43, KASA!$B:$B, "ÜRETİM ÇIKIŞ") -> 15.576814 | G43: =SUMIFS(KASA!$I:$I, KASA!$C:$C, $C43, KASA!$B:$B, "MAL İADE") -> 0 | H43: =SUMIFS(KASA!$K:$K, KASA!$C:$C, $C43, KASA!$B:$B, "MAL İADE") + SUMIFS(KASA!$Q:$Q, KASA!$C:$C, $C43, KASA!$B:$B, "MAL İADE") -> 0 | I43: =F43+G43 -> 15.576814 | J43: =E43*F43 -> 3271.1309 | K43: =SUMIFS(KASA!$Q:$Q, KASA!$C:$C, $C43, KASA!$B:$B, "MAL SATIŞI") + SUMIFS(KASA!$Q:$Q, KASA!$C:$C, $C43, KASA!$B:$B, "ÜRETİM ÇIKIŞ") -> 4483.3111 | L43: =SUMIFS(KASA!$K:$K, KASA!$C:$C, $C43, KASA!$B:$B, "MAL SATIŞI") + SUMIFS(KASA!$K:$K, KASA!$C:$C, $C43, KASA!$B:$B, "ÜRETİM ÇIKIŞ") -> 2001.7 | M43: =K43+L43 -> 6485.0111 | N43: =M43-J43 -> 3213.8802 | O43: =IFERROR(((M43-J43)/J43),0) -> 0.98249819 | P43: =M43/F43 -> 416.32462 | Q43: =D43-F43-G43 -> 9.4231861 | R43: =Q43*E43 -> 1978.8691 | S43: =D43*E43 -> 5250 | T43: 11.17 | U43: =Q43-T43 -> -1.7468139 | V43: =SUMIF(KASA!$C$2:$C$9980, C43, KASA!$T$2:$T$9980) -> 9.4231861 | W43: =SUMIF(KASA!$C$2:$C$9980, C43, KASA!$U$2:$U$9980) -> 1978.8691 | X43: =V43-G43 -> 9.4231861 | Y43: =W43-H43 -> 1978.8691 | Z43: =SUMIF(KASA!$C$2:$C$9980, C43, KASA!$V$2:$V$9980) -> 5250 | AA43: =Z43-W43 -> 3271.1309
C44: ÇAM FISTIĞI (DOLMALIK YER FISTIĞI) | D44: =SUMIFS(KASA!$I:$I, KASA!$C:$C, $C44, KASA!$B:$B, "MAL ALIMI") + SUMIFS(KASA!$I:$I, KASA!$C:$C, $C44, KASA!$B:$B, "ÜRETİM GİRİŞ") -> 10 | E44: {=IFERROR(AVERAGE(IF((KASA!$C$2:$C$9980=$C44)*((KASA!$B$2:$B$9980="MAL ALIMI")+(KASA!$B$2:$B$9980="ÜRETİM GİRİŞ")),KASA!$J$2:$J$9980)),0)} -> 125 | F44: =SUMIFS(KASA!$I:$I, KASA!$C:$C, $C44, KASA!$B:$B, "MAL SATIŞI") + SUMIFS(KASA!$I:$I, KASA!$C:$C, $C44, KASA!$B:$B, "ÜRETİM ÇIKIŞ") -> 1.3 | G44: =SUMIFS(KASA!$I:$I, KASA!$C:$C, $C44, KASA!$B:$B, "MAL İADE") -> 6.94 | H44: =SUMIFS(KASA!$K:$K, KASA!$C:$C, $C44, KASA!$B:$B, "MAL İADE") + SUMIFS(KASA!$Q:$Q, KASA!$C:$C, $C44, KASA!$B:$B, "MAL İADE") -> 867.5 | I44: =F44+G44 -> 8.24 | J44: =E44*F44 -> 162.5 | K44: =SUMIFS(KASA!$Q:$Q, KASA!$C:$C, $C44, KASA!$B:$B, "MAL SATIŞI") + SUMIFS(KASA!$Q:$Q, KASA!$C:$C, $C44, KASA!$B:$B, "ÜRETİM ÇIKIŞ") -> 175 | L44: =SUMIFS(KASA!$K:$K, KASA!$C:$C, $C44, KASA!$B:$B, "MAL SATIŞI") + SUMIFS(KASA!$K:$K, KASA!$C:$C, $C44, KASA!$B:$B, "ÜRETİM ÇIKIŞ") -> 150 | M44: =K44+L44 -> 325 | N44: =M44-J44 -> 162.5 | O44: =IFERROR(((M44-J44)/J44),0) -> 1 | P44: =M44/F44 -> 250 | Q44: =D44-F44-G44 -> 1.76 | R44: =Q44*E44 -> 220 | S44: =D44*E44 -> 1250 | U44: =Q44-T44 -> 1.76 | V44: =SUMIF(KASA!$C$2:$C$9980, C44, KASA!$T$2:$T$9980) -> 8.7 | W44: =SUMIF(KASA!$C$2:$C$9980, C44, KASA!$U$2:$U$9980) -> 1087.5 | X44: =V44-G44 -> 1.76 | Y44: =W44-H44 -> 220 | Z44: =SUMIF(KASA!$C$2:$C$9980, C44, KASA!$V$2:$V$9980) -> 1250 | AA44: =Z44-W44 -> 162.5
C45: YENİBAHAR TOZ | D45: =SUMIFS(KASA!$I:$I, KASA!$C:$C, $C45, KASA!$B:$B, "MAL ALIMI") + SUMIFS(KASA!$I:$I, KASA!$C:$C, $C45, KASA!$B:$B, "ÜRETİM GİRİŞ") -> 5 | E45: {=IFERROR(AVERAGE(IF((KASA!$C$2:$C$9980=$C45)*((KASA!$B$2:$B$9980="MAL ALIMI")+(KASA!$B$2:$B$9980="ÜRETİM GİRİŞ")),KASA!$J$2:$J$9980)),0)} -> 425 | F45: =SUMIFS(KASA!$I:$I, KASA!$C:$C, $C45, KASA!$B:$B, "MAL SATIŞI") + SUMIFS(KASA!$I:$I, KASA!$C:$C, $C45, KASA!$B:$B, "ÜRETİM ÇIKIŞ") -> 3.4170649 | G45: =SUMIFS(KASA!$I:$I, KASA!$C:$C, $C45, KASA!$B:$B, "MAL İADE") -> 0 | H45: =SUMIFS(KASA!$K:$K, KASA!$C:$C, $C45, KASA!$B:$B, "MAL İADE") + SUMIFS(KASA!$Q:$Q, KASA!$C:$C, $C45, KASA!$B:$B, "MAL İADE") -> 0 | I45: =F45+G45 -> 3.4170649 | J45: =E45*F45 -> 1452.2526 | K45: =SUMIFS(KASA!$Q:$Q, KASA!$C:$C, $C45, KASA!$B:$B, "MAL SATIŞI") + SUMIFS(KASA!$Q:$Q, KASA!$C:$C, $C45, KASA!$B:$B, "ÜRETİM ÇIKIŞ") -> 1446.82 | L45: =SUMIFS(KASA!$K:$K, KASA!$C:$C, $C45, KASA!$B:$B, "MAL SATIŞI") + SUMIFS(KASA!$K:$K, KASA!$C:$C, $C45, KASA!$B:$B, "ÜRETİM ÇIKIŞ") -> 1170.162 | M45: =K45+L45 -> 2616.982 | N45: =M45-J45 -> 1164.7294 | O45: =IFERROR(((M45-J45)/J45),0) -> 0.80201571 | P45: =M45/F45 -> 765.85668 | Q45: =D45-F45-G45 -> 1.5829351 | R45: =Q45*E45 -> 672.7474 | S45: =D45*E45 -> 2125 | U45: =Q45-T45 -> 1.5829351 | V45: =SUMIF(KASA!$C$2:$C$9980, C45, KASA!$T$2:$T$9980) -> 1.5829351 | W45: =SUMIF(KASA!$C$2:$C$9980, C45, KASA!$U$2:$U$9980) -> 672.7474 | X45: =V45-G45 -> 1.5829351 | Y45: =W45-H45 -> 672.7474 | Z45: =SUMIF(KASA!$C$2:$C$9980, C45, KASA!$V$2:$V$9980) -> 2125 | AA45: =Z45-W45 -> 1452.2526
C46: DOLMALIK KURU ACI BİBER | D46: =SUMIFS(KASA!$I:$I, KASA!$C:$C, $C46, KASA!$B:$B, "MAL ALIMI") + SUMIFS(KASA!$I:$I, KASA!$C:$C, $C46, KASA!$B:$B, "ÜRETİM GİRİŞ") -> 100 | E46: {=IFERROR(AVERAGE(IF((KASA!$C$2:$C$9980=$C46)*((KASA!$B$2:$B$9980="MAL ALIMI")+(KASA!$B$2:$B$9980="ÜRETİM GİRİŞ")),KASA!$J$2:$J$9980)),0)} -> 125 | F46: =SUMIFS(KASA!$I:$I, KASA!$C:$C, $C46, KASA!$B:$B, "MAL SATIŞI") + SUMIFS(KASA!$I:$I, KASA!$C:$C, $C46, KASA!$B:$B, "ÜRETİM ÇIKIŞ") -> 71.32 | G46: =SUMIFS(KASA!$I:$I, KASA!$C:$C, $C46, KASA!$B:$B, "MAL İADE") -> 0 | H46: =SUMIFS(KASA!$K:$K, KASA!$C:$C, $C46, KASA!$B:$B, "MAL İADE") + SUMIFS(KASA!$Q:$Q, KASA!$C:$C, $C46, KASA!$B:$B, "MAL İADE") -> 0 | I46: =F46+G46 -> 71.32 | J46: =E46*F46 -> 8915 | K46: =SUMIFS(KASA!$Q:$Q, KASA!$C:$C, $C46, KASA!$B:$B, "MAL SATIŞI") + SUMIFS(KASA!$Q:$Q, KASA!$C:$C, $C46, KASA!$B:$B, "ÜRETİM ÇIKIŞ") -> 7509 | L46: =SUMIFS(KASA!$K:$K, KASA!$C:$C, $C46, KASA!$B:$B, "MAL SATIŞI") + SUMIFS(KASA!$K:$K, KASA!$C:$C, $C46, KASA!$B:$B, "ÜRETİM ÇIKIŞ") -> 7630.6 | M46: =K46+L46 -> 15139.6 | N46: =M46-J46 -> 6224.6 | O46: =IFERROR(((M46-J46)/J46),0) -> 0.69821649 | P46: =M46/F46 -> 212.27706 | Q46: =D46-F46-G46 -> 28.68 | R46: =Q46*E46 -> 3585 | S46: =D46*E46 -> 12500 | T46: 35 | U46: =Q46-T46 -> -6.32 | V46: =SUMIF(KASA!$C$2:$C$9980, C46, KASA!$T$2:$T$9980) -> 28.68 | W46: =SUMIF(KASA!$C$2:$C$9980, C46, KASA!$U$2:$U$9980) -> 3585 | X46: =V46-G46 -> 28.68 | Y46: =W46-H46 -> 3585 | Z46: =SUMIF(KASA!$C$2:$C$9980, C46, KASA!$V$2:$V$9980) -> 12500 | AA46: =Z46-W46 -> 8915
C47: DOLMALIK KURU TATLI KIRMIZI BİBER | D47: =SUMIFS(KASA!$I:$I, KASA!$C:$C, $C47, KASA!$B:$B, "MAL ALIMI") + SUMIFS(KASA!$I:$I, KASA!$C:$C, $C47, KASA!$B:$B, "ÜRETİM GİRİŞ") -> 40 | E47: {=IFERROR(AVERAGE(IF((KASA!$C$2:$C$9980=$C47)*((KASA!$B$2:$B$9980="MAL ALIMI")+(KASA!$B$2:$B$9980="ÜRETİM GİRİŞ")),KASA!$J$2:$J$9980)),0)} -> 110 | F47: =SUMIFS(KASA!$I:$I, KASA!$C:$C, $C47, KASA!$B:$B, "MAL SATIŞI") + SUMIFS(KASA!$I:$I, KASA!$C:$C, $C47, KASA!$B:$B, "ÜRETİM ÇIKIŞ") -> 40.002174 | G47: =SUMIFS(KASA!$I:$I, KASA!$C:$C, $C47, KASA!$B:$B, "MAL İADE") -> 0 | H47: =SUMIFS(KASA!$K:$K, KASA!$C:$C, $C47, KASA!$B:$B, "MAL İADE") + SUMIFS(KASA!$Q:$Q, KASA!$C:$C, $C47, KASA!$B:$B, "MAL İADE") -> 0 | I47: =F47+G47 -> 40.002174 | J47: =E47*F47 -> 4400.2391 | K47: =SUMIFS(KASA!$Q:$Q, KASA!$C:$C, $C47, KASA!$B:$B, "MAL SATIŞI") + SUMIFS(KASA!$Q:$Q, KASA!$C:$C, $C47, KASA!$B:$B, "ÜRETİM ÇIKIŞ") -> 3855.4 | L47: =SUMIFS(KASA!$K:$K, KASA!$C:$C, $C47, KASA!$B:$B, "MAL SATIŞI") + SUMIFS(KASA!$K:$K, KASA!$C:$C, $C47, KASA!$B:$B, "ÜRETİM ÇIKIŞ") -> 4077.5 | M47: =K47+L47 -> 7932.9 | N47: =M47-J47 -> 3532.6609 | O47: =IFERROR(((M47-J47)/J47),0) -> 0.80283384 | P47: =M47/F47 -> 198.31172 | Q47: =D47-F47-G47 -> -0.002173913 | R47: =Q47*E47 -> -0.23913043 | S47: =D47*E47 -> 4400 | T47: 7.7 | U47: =Q47-T47 -> -7.7021739 | V47: =SUMIF(KASA!$C$2:$C$9980, C47, KASA!$T$2:$T$9980) -> 0 | W47: =SUMIF(KASA!$C$2:$C$9980, C47, KASA!$U$2:$U$9980) -> 0 | X47: =V47-G47 -> 0 | Y47: =W47-H47 -> 0 | Z47: =SUMIF(KASA!$C$2:$C$9980, C47, KASA!$V$2:$V$9980) -> 4400 | AA47: =Z47-W47 -> 4400
C48: SUMAK TANE EKŞİLİ | D48: =SUMIFS(KASA!$I:$I, KASA!$C:$C, $C48, KASA!$B:$B, "MAL ALIMI") + SUMIFS(KASA!$I:$I, KASA!$C:$C, $C48, KASA!$B:$B, "ÜRETİM GİRİŞ") -> 5 | E48: {=IFERROR(AVERAGE(IF((KASA!$C$2:$C$9980=$C48)*((KASA!$B$2:$B$9980="MAL ALIMI")+(KASA!$B$2:$B$9980="ÜRETİM GİRİŞ")),KASA!$J$2:$J$9980)),0)} -> 270 | F48: =SUMIFS(KASA!$I:$I, KASA!$C:$C, $C48, KASA!$B:$B, "MAL SATIŞI") + SUMIFS(KASA!$I:$I, KASA!$C:$C, $C48, KASA!$B:$B, "ÜRETİM ÇIKIŞ") -> 5.004963 | G48: =SUMIFS(KASA!$I:$I, KASA!$C:$C, $C48, KASA!$B:$B, "MAL İADE") -> 0 | H48: =SUMIFS(KASA!$K:$K, KASA!$C:$C, $C48, KASA!$B:$B, "MAL İADE") + SUMIFS(KASA!$Q:$Q, KASA!$C:$C, $C48, KASA!$B:$B, "MAL İADE") -> 0 | I48: =F48+G48 -> 5.004963 | J48: =E48*F48 -> 1351.34 | K48: =SUMIFS(KASA!$Q:$Q, KASA!$C:$C, $C48, KASA!$B:$B, "MAL SATIŞI") + SUMIFS(KASA!$Q:$Q, KASA!$C:$C, $C48, KASA!$B:$B, "ÜRETİM ÇIKIŞ") -> 2253.56 | L48: =SUMIFS(KASA!$K:$K, KASA!$C:$C, $C48, KASA!$B:$B, "MAL SATIŞI") + SUMIFS(KASA!$K:$K, KASA!$C:$C, $C48, KASA!$B:$B, "ÜRETİM ÇIKIŞ") -> 319.12 | M48: =K48+L48 -> 2572.68 | N48: =M48-J48 -> 1221.34 | O48: =IFERROR(((M48-J48)/J48),0) -> 0.90379919 | P48: =M48/F48 -> 514.02578 | Q48: =D48-F48-G48 -> -0.004962963 | R48: =Q48*E48 -> -1.34 | S48: =D48*E48 -> 1350 | T48: 0.2 | U48: =Q48-T48 -> -0.20496296 | V48: =SUMIF(KASA!$C$2:$C$9980, C48, KASA!$T$2:$T$9980) -> 0 | W48: =SUMIF(KASA!$C$2:$C$9980, C48, KASA!$U$2:$U$9980) -> 0 | X48: =V48-G48 -> 0 | Y48: =W48-H48 -> 0 | Z48: =SUMIF(KASA!$C$2:$C$9980, C48, KASA!$V$2:$V$9980) -> 1350 | AA48: =Z48-W48 -> 1350
C49: KIRMIZI PUL BİBER TATLI | D49: =SUMIFS(KASA!$I:$I, KASA!$C:$C, $C49, KASA!$B:$B, "MAL ALIMI") + SUMIFS(KASA!$I:$I, KASA!$C:$C, $C49, KASA!$B:$B, "ÜRETİM GİRİŞ") -> 20 | E49: {=IFERROR(AVERAGE(IF((KASA!$C$2:$C$9980=$C49)*((KASA!$B$2:$B$9980="MAL ALIMI")+(KASA!$B$2:$B$9980="ÜRETİM GİRİŞ")),KASA!$J$2:$J$9980)),0)} -> 185 | F49: =SUMIFS(KASA!$I:$I, KASA!$C:$C, $C49, KASA!$B:$B, "MAL SATIŞI") + SUMIFS(KASA!$I:$I, KASA!$C:$C, $C49, KASA!$B:$B, "ÜRETİM ÇIKIŞ") -> 15.492565 | G49: =SUMIFS(KASA!$I:$I, KASA!$C:$C, $C49, KASA!$B:$B, "MAL İADE") -> 0 | H49: =SUMIFS(KASA!$K:$K, KASA!$C:$C, $C49, KASA!$B:$B, "MAL İADE") + SUMIFS(KASA!$Q:$Q, KASA!$C:$C, $C49, KASA!$B:$B, "MAL İADE") -> 0 | I49: =F49+G49 -> 15.492565 | J49: =E49*F49 -> 2866.1246 | K49: =SUMIFS(KASA!$Q:$Q, KASA!$C:$C, $C49, KASA!$B:$B, "MAL SATIŞI") + SUMIFS(KASA!$Q:$Q, KASA!$C:$C, $C49, KASA!$B:$B, "ÜRETİM ÇIKIŞ") -> 2176.0522 | L49: =SUMIFS(KASA!$K:$K, KASA!$C:$C, $C49, KASA!$B:$B, "MAL SATIŞI") + SUMIFS(KASA!$K:$K, KASA!$C:$C, $C49, KASA!$B:$B, "ÜRETİM ÇIKIŞ") -> 2651.5322 | M49: =K49+L49 -> 4827.5844 | N49: =M49-J49 -> 1961.4599 | O49: =IFERROR(((M49-J49)/J49),0) -> 0.6843596 | P49: =M49/F49 -> 311.60653 | Q49: =D49-F49-G49 -> 4.5074347 | R49: =Q49*E49 -> 833.87543 | S49: =D49*E49 -> 3700 | T49: 5.37 | U49: =Q49-T49 -> -0.86256526 | V49: =SUMIF(KASA!$C$2:$C$9980, C49, KASA!$T$2:$T$9980) -> 4.5074347 | W49: =SUMIF(KASA!$C$2:$C$9980, C49, KASA!$U$2:$U$9980) -> 856.4126 | X49: =V49-G49 -> 4.5074347 | Y49: =W49-H49 -> 856.4126 | Z49: =SUMIF(KASA!$C$2:$C$9980, C49, KASA!$V$2:$V$9980) -> 3700 | AA49: =Z49-W49 -> 2843.5874
C50: SÜTTOZU (KAHVE KREMASI) | D50: =SUMIFS(KASA!$I:$I, KASA!$C:$C, $C50, KASA!$B:$B, "MAL ALIMI") + SUMIFS(KASA!$I:$I, KASA!$C:$C, $C50, KASA!$B:$B, "ÜRETİM GİRİŞ") -> 25 | E50: {=IFERROR(AVERAGE(IF((KASA!$C$2:$C$9980=$C50)*((KASA!$B$2:$B$9980="MAL ALIMI")+(KASA!$B$2:$B$9980="ÜRETİM GİRİŞ")),KASA!$J$2:$J$9980)),0)} -> 115 | F50: =SUMIFS(KASA!$I:$I, KASA!$C:$C, $C50, KASA!$B:$B, "MAL SATIŞI") + SUMIFS(KASA!$I:$I, KASA!$C:$C, $C50, KASA!$B:$B, "ÜRETİM ÇIKIŞ") -> 0 | G50: =SUMIFS(KASA!$I:$I, KASA!$C:$C, $C50, KASA!$B:$B, "MAL İADE") -> 21 | H50: =SUMIFS(KASA!$K:$K, KASA!$C:$C, $C50, KASA!$B:$B, "MAL İADE") + SUMIFS(KASA!$Q:$Q, KASA!$C:$C, $C50, KASA!$B:$B, "MAL İADE") -> 2415 | I50: =F50+G50 -> 21 | J50: =E50*F50 -> 0 | K50: =SUMIFS(KASA!$Q:$Q, KASA!$C:$C, $C50, KASA!$B:$B, "MAL SATIŞI") + SUMIFS(KASA!$Q:$Q, KASA!$C:$C, $C50, KASA!$B:$B, "ÜRETİM ÇIKIŞ") -> 0 | L50: =SUMIFS(KASA!$K:$K, KASA!$C:$C, $C50, KASA!$B:$B, "MAL SATIŞI") + SUMIFS(KASA!$K:$K, KASA!$C:$C, $C50, KASA!$B:$B, "ÜRETİM ÇIKIŞ") -> 0 | M50: =K50+L50 -> 0 | N50: =M50-J50 -> 0 | O50: =IFERROR(((M50-J50)/J50),0) -> 0 | P50: =M50/F50 -> #DIV/0! | Q50: =D50-F50-G50 -> 4 | R50: =Q50*E50 -> 460 | S50: =D50*E50 -> 2875 | U50: =Q50-T50 -> 4 | V50: =SUMIF(KASA!$C$2:$C$9980, C50, KASA!$T$2:$T$9980) -> 25 | W50: =SUMIF(KASA!$C$2:$C$9980, C50, KASA!$U$2:$U$9980) -> 2875 | X50: =V50-G50 -> 4 | Y50: =W50-H50 -> 460 | Z50: =SUMIF(KASA!$C$2:$C$9980, C50, KASA!$V$2:$V$9980) -> 2875 | AA50: =Z50-W50 -> 0
C51: SUMAK ÖZEL | D51: =SUMIFS(KASA!$I:$I, KASA!$C:$C, $C51, KASA!$B:$B, "MAL ALIMI") + SUMIFS(KASA!$I:$I, KASA!$C:$C, $C51, KASA!$B:$B, "ÜRETİM GİRİŞ") -> 25 | E51: {=IFERROR(AVERAGE(IF((KASA!$C$2:$C$9980=$C51)*((KASA!$B$2:$B$9980="MAL ALIMI")+(KASA!$B$2:$B$9980="ÜRETİM GİRİŞ")),KASA!$J$2:$J$9980)),0)} -> 260 | F51: =SUMIFS(KASA!$I:$I, KASA!$C:$C, $C51, KASA!$B:$B, "MAL SATIŞI") + SUMIFS(KASA!$I:$I, KASA!$C:$C, $C51, KASA!$B:$B, "ÜRETİM ÇIKIŞ") -> 5.0525554 | G51: =SUMIFS(KASA!$I:$I, KASA!$C:$C, $C51, KASA!$B:$B, "MAL İADE") -> 0 | H51: =SUMIFS(KASA!$K:$K, KASA!$C:$C, $C51, KASA!$B:$B, "MAL İADE") + SUMIFS(KASA!$Q:$Q, KASA!$C:$C, $C51, KASA!$B:$B, "MAL İADE") -> 0 | I51: =F51+G51 -> 5.0525554 | J51: =E51*F51 -> 1313.6644 | K51: =SUMIFS(KASA!$Q:$Q, KASA!$C:$C, $C51, KASA!$B:$B, "MAL SATIŞI") + SUMIFS(KASA!$Q:$Q, KASA!$C:$C, $C51, KASA!$B:$B, "ÜRETİM ÇIKIŞ") -> 501.70831 | L51: =SUMIFS(KASA!$K:$K, KASA!$C:$C, $C51, KASA!$B:$B, "MAL SATIŞI") + SUMIFS(KASA!$K:$K, KASA!$C:$C, $C51, KASA!$B:$B, "ÜRETİM ÇIKIŞ") -> 1481 | M51: =K51+L51 -> 1982.7083 | N51: =M51-J51 -> 669.0439 | O51: =IFERROR(((M51-J51)/J51),0) -> 0.5092959 | P51: =M51/F51 -> 392.41693 | Q51: =D51-F51-G51 -> 19.947445 | R51: =Q51*E51 -> 5186.3356 | S51: =D51*E51 -> 6500 | T51: 25 | U51: =Q51-T51 -> -5.0525554 | V51: =SUMIF(KASA!$C$2:$C$9980, C51, KASA!$T$2:$T$9980) -> 19.947445 | W51: =SUMIF(KASA!$C$2:$C$9980, C51, KASA!$U$2:$U$9980) -> 5186.3356 | X51: =V51-G51 -> 19.947445 | Y51: =W51-H51 -> 5186.3356 | Z51: =SUMIF(KASA!$C$2:$C$9980, C51, KASA!$V$2:$V$9980) -> 6500 | AA51: =Z51-W51 -> 1313.6644
C52: ATOM PUL BİBER ÇOK ACI | D52: =SUMIFS(KASA!$I:$I, KASA!$C:$C, $C52, KASA!$B:$B, "MAL ALIMI") + SUMIFS(KASA!$I:$I, KASA!$C:$C, $C52, KASA!$B:$B, "ÜRETİM GİRİŞ") -> 10 | E52: {=IFERROR(AVERAGE(IF((KASA!$C$2:$C$9980=$C52)*((KASA!$B$2:$B$9980="MAL ALIMI")+(KASA!$B$2:$B$9980="ÜRETİM GİRİŞ")),KASA!$J$2:$J$9980)),0)} -> 275 | F52: =SUMIFS(KASA!$I:$I, KASA!$C:$C, $C52, KASA!$B:$B, "MAL SATIŞI") + SUMIFS(KASA!$I:$I, KASA!$C:$C, $C52, KASA!$B:$B, "ÜRETİM ÇIKIŞ") -> 3.7851364 | G52: =SUMIFS(KASA!$I:$I, KASA!$C:$C, $C52, KASA!$B:$B, "MAL İADE") -> 0 | H52: =SUMIFS(KASA!$K:$K, KASA!$C:$C, $C52, KASA!$B:$B, "MAL İADE") + SUMIFS(KASA!$Q:$Q, KASA!$C:$C, $C52, KASA!$B:$B, "MAL İADE") -> 0 | I52: =F52+G52 -> 3.7851364 | J52: =E52*F52 -> 1040.9125 | K52: =SUMIFS(KASA!$Q:$Q, KASA!$C:$C, $C52, KASA!$B:$B, "MAL SATIŞI") + SUMIFS(KASA!$Q:$Q, KASA!$C:$C, $C52, KASA!$B:$B, "ÜRETİM ÇIKIŞ") -> 140.22727 | L52: =SUMIFS(KASA!$K:$K, KASA!$C:$C, $C52, KASA!$B:$B, "MAL SATIŞI") + SUMIFS(KASA!$K:$K, KASA!$C:$C, $C52, KASA!$B:$B, "ÜRETİM ÇIKIŞ") -> 1781.7 | M52: =K52+L52 -> 1921.9273 | N52: =M52-J52 -> 881.01477 | O52: =IFERROR(((M52-J52)/J52),0) -> 0.84638697 | P52: =M52/F52 -> 507.75642 | Q52: =D52-F52-G52 -> 6.2148636 | R52: =Q52*E52 -> 1709.0875 | S52: =D52*E52 -> 2750 | T52: 8.88 | U52: =Q52-T52 -> -2.6651364 | V52: =SUMIF(KASA!$C$2:$C$9980, C52, KASA!$T$2:$T$9980) -> 6.2148636 | W52: =SUMIF(KASA!$C$2:$C$9980, C52, KASA!$U$2:$U$9980) -> 1709.0875 | X52: =V52-G52 -> 6.2148636 | Y52: =W52-H52 -> 1709.0875 | Z52: =SUMIF(KASA!$C$2:$C$9980, C52, KASA!$V$2:$V$9980) -> 2750 | AA52: =Z52-W52 -> 1040.9125
C53: PASTA SÜSÜ | D53: =SUMIFS(KASA!$I:$I, KASA!$C:$C, $C53, KASA!$B:$B, "MAL ALIMI") + SUMIFS(KASA!$I:$I, KASA!$C:$C, $C53, KASA!$B:$B, "ÜRETİM GİRİŞ") -> 1 | E53: {=IFERROR(AVERAGE(IF((KASA!$C$2:$C$9980=$C53)*((KASA!$B$2:$B$9980="MAL ALIMI")+(KASA!$B$2:$B$9980="ÜRETİM GİRİŞ")),KASA!$J$2:$J$9980)),0)} -> 85 | F53: =SUMIFS(KASA!$I:$I, KASA!$C:$C, $C53, KASA!$B:$B, "MAL SATIŞI") + SUMIFS(KASA!$I:$I, KASA!$C:$C, $C53, KASA!$B:$B, "ÜRETİM ÇIKIŞ") -> 0.2 | G53: =SUMIFS(KASA!$I:$I, KASA!$C:$C, $C53, KASA!$B:$B, "MAL İADE") -> 0 | H53: =SUMIFS(KASA!$K:$K, KASA!$C:$C, $C53, KASA!$B:$B, "MAL İADE") + SUMIFS(KASA!$Q:$Q, KASA!$C:$C, $C53, KASA!$B:$B, "MAL İADE") -> 0 | I53: =F53+G53 -> 0.2 | J53: =E53*F53 -> 17 | K53: =SUMIFS(KASA!$Q:$Q, KASA!$C:$C, $C53, KASA!$B:$B, "MAL SATIŞI") + SUMIFS(KASA!$Q:$Q, KASA!$C:$C, $C53, KASA!$B:$B, "ÜRETİM ÇIKIŞ") -> 75 | L53: =SUMIFS(KASA!$K:$K, KASA!$C:$C, $C53, KASA!$B:$B, "MAL SATIŞI") + SUMIFS(KASA!$K:$K, KASA!$C:$C, $C53, KASA!$B:$B, "ÜRETİM ÇIKIŞ") -> 25 | M53: =K53+L53 -> 100 | N53: =M53-J53 -> 83 | O53: =IFERROR(((M53-J53)/J53),0) -> 4.8823529 | P53: =M53/F53 -> 500 | Q53: =D53-F53-G53 -> 0.8 | R53: =Q53*E53 -> 68 | S53: =D53*E53 -> 85 | T53: 0.95 | U53: =Q53-T53 -> -0.15 | V53: =SUMIF(KASA!$C$2:$C$9980, C53, KASA!$T$2:$T$9980) -> 0.8 | W53: =SUMIF(KASA!$C$2:$C$9980, C53, KASA!$U$2:$U$9980) -> 68 | X53: =V53-G53 -> 0.8 | Y53: =W53-H53 -> 68 | Z53: =SUMIF(KASA!$C$2:$C$9980, C53, KASA!$V$2:$V$9980) -> 85 | AA53: =Z53-W53 -> 17
C54: KENDİR TOHUMU (ÇETENE ÇEDENE KENEVİR TOHMU) | D54: =SUMIFS(KASA!$I:$I, KASA!$C:$C, $C54, KASA!$B:$B, "MAL ALIMI") + SUMIFS(KASA!$I:$I, KASA!$C:$C, $C54, KASA!$B:$B, "ÜRETİM GİRİŞ") -> 1 | E54: {=IFERROR(AVERAGE(IF((KASA!$C$2:$C$9980=$C54)*((KASA!$B$2:$B$9980="MAL ALIMI")+(KASA!$B$2:$B$9980="ÜRETİM GİRİŞ")),KASA!$J$2:$J$9980)),0)} -> 175 | F54: =SUMIFS(KASA!$I:$I, KASA!$C:$C, $C54, KASA!$B:$B, "MAL SATIŞI") + SUMIFS(KASA!$I:$I, KASA!$C:$C, $C54, KASA!$B:$B, "ÜRETİM ÇIKIŞ") -> 0 | G54: =SUMIFS(KASA!$I:$I, KASA!$C:$C, $C54, KASA!$B:$B, "MAL İADE") -> 0 | H54: =SUMIFS(KASA!$K:$K, KASA!$C:$C, $C54, KASA!$B:$B, "MAL İADE") + SUMIFS(KASA!$Q:$Q, KASA!$C:$C, $C54, KASA!$B:$B, "MAL İADE") -> 0 | I54: =F54+G54 -> 0 | J54: =E54*F54 -> 0 | K54: =SUMIFS(KASA!$Q:$Q, KASA!$C:$C, $C54, KASA!$B:$B, "MAL SATIŞI") + SUMIFS(KASA!$Q:$Q, KASA!$C:$C, $C54, KASA!$B:$B, "ÜRETİM ÇIKIŞ") -> 0 | L54: =SUMIFS(KASA!$K:$K, KASA!$C:$C, $C54, KASA!$B:$B, "MAL SATIŞI") + SUMIFS(KASA!$K:$K, KASA!$C:$C, $C54, KASA!$B:$B, "ÜRETİM ÇIKIŞ") -> 0 | M54: =K54+L54 -> 0 | N54: =M54-J54 -> 0 | O54: =IFERROR(((M54-J54)/J54),0) -> 0 | P54: =M54/F54 -> #DIV/0! | Q54: =D54-F54-G54 -> 1 | R54: =Q54*E54 -> 175 | S54: =D54*E54 -> 175 | T54: 1 | U54: =Q54-T54 -> 0 | V54: =SUMIF(KASA!$C$2:$C$9980, C54, KASA!$T$2:$T$9980) -> 1 | W54: =SUMIF(KASA!$C$2:$C$9980, C54, KASA!$U$2:$U$9980) -> 175 | X54: =V54-G54 -> 1 | Y54: =W54-H54 -> 175 | Z54: =SUMIF(KASA!$C$2:$C$9980, C54, KASA!$V$2:$V$9980) -> 175 | AA54: =Z54-W54 -> 0
C55: MUSKAT TANE (HİNT CEVİZİ) | D55: =SUMIFS(KASA!$I:$I, KASA!$C:$C, $C55, KASA!$B:$B, "MAL ALIMI") + SUMIFS(KASA!$I:$I, KASA!$C:$C, $C55, KASA!$B:$B, "ÜRETİM GİRİŞ") -> 1 | E55: {=IFERROR(AVERAGE(IF((KASA!$C$2:$C$9980=$C55)*((KASA!$B$2:$B$9980="MAL ALIMI")+(KASA!$B$2:$B$9980="ÜRETİM GİRİŞ")),KASA!$J$2:$J$9980)),0)} -> 400 | F55: =SUMIFS(KASA!$I:$I, KASA!$C:$C, $C55, KASA!$B:$B, "MAL SATIŞI") + SUMIFS(KASA!$I:$I, KASA!$C:$C, $C55, KASA!$B:$B, "ÜRETİM ÇIKIŞ") -> 0.1 | G55: =SUMIFS(KASA!$I:$I, KASA!$C:$C, $C55, KASA!$B:$B, "MAL İADE") -> 0 | H55: =SUMIFS(KASA!$K:$K, KASA!$C:$C, $C55, KASA!$B:$B, "MAL İADE") + SUMIFS(KASA!$Q:$Q, KASA!$C:$C, $C55, KASA!$B:$B, "MAL İADE") -> 0 | I55: =F55+G55 -> 0.1 | J55: =E55*F55 -> 40 | K55: =SUMIFS(KASA!$Q:$Q, KASA!$C:$C, $C55, KASA!$B:$B, "MAL SATIŞI") + SUMIFS(KASA!$Q:$Q, KASA!$C:$C, $C55, KASA!$B:$B, "ÜRETİM ÇIKIŞ") -> 0 | L55: =SUMIFS(KASA!$K:$K, KASA!$C:$C, $C55, KASA!$B:$B, "MAL SATIŞI") + SUMIFS(KASA!$K:$K, KASA!$C:$C, $C55, KASA!$B:$B, "ÜRETİM ÇIKIŞ") -> 120 | M55: =K55+L55 -> 120 | N55: =M55-J55 -> 80 | O55: =IFERROR(((M55-J55)/J55),0) -> 2 | P55: =M55/F55 -> 1200 | Q55: =D55-F55-G55 -> 0.9 | R55: =Q55*E55 -> 360 | S55: =D55*E55 -> 400 | T55: 1 | U55: =Q55-T55 -> -0.1 | V55: =SUMIF(KASA!$C$2:$C$9980, C55, KASA!$T$2:$T$9980) -> 0.9 | W55: =SUMIF(KASA!$C$2:$C$9980, C55, KASA!$U$2:$U$9980) -> 360 | X55: =V55-G55 -> 0.9 | Y55: =W55-H55 -> 360 | Z55: =SUMIF(KASA!$C$2:$C$9980, C55, KASA!$V$2:$V$9980) -> 400 | AA55: =Z55-W55 -> 40
C56: KİŞNİŞ TANE | D56: =SUMIFS(KASA!$I:$I, KASA!$C:$C, $C56, KASA!$B:$B, "MAL ALIMI") + SUMIFS(KASA!$I:$I, KASA!$C:$C, $C56, KASA!$B:$B, "ÜRETİM GİRİŞ") -> 1 | E56: {=IFERROR(AVERAGE(IF((KASA!$C$2:$C$9980=$C56)*((KASA!$B$2:$B$9980="MAL ALIMI")+(KASA!$B$2:$B$9980="ÜRETİM GİRİŞ")),KASA!$J$2:$J$9980)),0)} -> 80 | F56: =SUMIFS(KASA!$I:$I, KASA!$C:$C, $C56, KASA!$B:$B, "MAL SATIŞI") + SUMIFS(KASA!$I:$I, KASA!$C:$C, $C56, KASA!$B:$B, "ÜRETİM ÇIKIŞ") -> 0.3 | G56: =SUMIFS(KASA!$I:$I, KASA!$C:$C, $C56, KASA!$B:$B, "MAL İADE") -> 0 | H56: =SUMIFS(KASA!$K:$K, KASA!$C:$C, $C56, KASA!$B:$B, "MAL İADE") + SUMIFS(KASA!$Q:$Q, KASA!$C:$C, $C56, KASA!$B:$B, "MAL İADE") -> 0 | I56: =F56+G56 -> 0.3 | J56: =E56*F56 -> 24 | K56: =SUMIFS(KASA!$Q:$Q, KASA!$C:$C, $C56, KASA!$B:$B, "MAL SATIŞI") + SUMIFS(KASA!$Q:$Q, KASA!$C:$C, $C56, KASA!$B:$B, "ÜRETİM ÇIKIŞ") -> 100 | L56: =SUMIFS(KASA!$K:$K, KASA!$C:$C, $C56, KASA!$B:$B, "MAL SATIŞI") + SUMIFS(KASA!$K:$K, KASA!$C:$C, $C56, KASA!$B:$B, "ÜRETİM ÇIKIŞ") -> 50 | M56: =K56+L56 -> 150 | N56: =M56-J56 -> 126 | O56: =IFERROR(((M56-J56)/J56),0) -> 5.25 | P56: =M56/F56 -> 500 | Q56: =D56-F56-G56 -> 0.7 | R56: =Q56*E56 -> 56 | S56: =D56*E56 -> 80 | T56: 1 | U56: =Q56-T56 -> -0.3 | V56: =SUMIF(KASA!$C$2:$C$9980, C56, KASA!$T$2:$T$9980) -> 0.7 | W56: =SUMIF(KASA!$C$2:$C$9980, C56, KASA!$U$2:$U$9980) -> 56 | X56: =V56-G56 -> 0.7 | Y56: =W56-H56 -> 56 | Z56: =SUMIF(KASA!$C$2:$C$9980, C56, KASA!$V$2:$V$9980) -> 80 | AA56: =Z56-W56 -> 24
C57: SIKMA ANTEP TARHANA | D57: =SUMIFS(KASA!$I:$I, KASA!$C:$C, $C57, KASA!$B:$B, "MAL ALIMI") + SUMIFS(KASA!$I:$I, KASA!$C:$C, $C57, KASA!$B:$B, "ÜRETİM GİRİŞ") -> 10 | E57: {=IFERROR(AVERAGE(IF((KASA!$C$2:$C$9980=$C57)*((KASA!$B$2:$B$9980="MAL ALIMI")+(KASA!$B$2:$B$9980="ÜRETİM GİRİŞ")),KASA!$J$2:$J$9980)),0)} -> 140 | F57: =SUMIFS(KASA!$I:$I, KASA!$C:$C, $C57, KASA!$B:$B, "MAL SATIŞI") + SUMIFS(KASA!$I:$I, KASA!$C:$C, $C57, KASA!$B:$B, "ÜRETİM ÇIKIŞ") -> 0.286 | G57: =SUMIFS(KASA!$I:$I, KASA!$C:$C, $C57, KASA!$B:$B, "MAL İADE") -> 0 | H57: =SUMIFS(KASA!$K:$K, KASA!$C:$C, $C57, KASA!$B:$B, "MAL İADE") + SUMIFS(KASA!$Q:$Q, KASA!$C:$C, $C57, KASA!$B:$B, "MAL İADE") -> 0 | I57: =F57+G57 -> 0.286 | J57: =E57*F57 -> 40.04 | K57: =SUMIFS(KASA!$Q:$Q, KASA!$C:$C, $C57, KASA!$B:$B, "MAL SATIŞI") + SUMIFS(KASA!$Q:$Q, KASA!$C:$C, $C57, KASA!$B:$B, "ÜRETİM ÇIKIŞ") -> 80.08 | L57: =SUMIFS(KASA!$K:$K, KASA!$C:$C, $C57, KASA!$B:$B, "MAL SATIŞI") + SUMIFS(KASA!$K:$K, KASA!$C:$C, $C57, KASA!$B:$B, "ÜRETİM ÇIKIŞ") -> 0 | M57: =K57+L57 -> 80.08 | N57: =M57-J57 -> 40.04 | O57: =IFERROR(((M57-J57)/J57),0) -> 1 | P57: =M57/F57 -> 280 | Q57: =D57-F57-G57 -> 9.714 | R57: =Q57*E57 -> 1359.96 | S57: =D57*E57 -> 1400 | T57: 9.71 | U57: =Q57-T57 -> 0.004 | V57: =SUMIF(KASA!$C$2:$C$9980, C57, KASA!$T$2:$T$9980) -> 9.714 | W57: =SUMIF(KASA!$C$2:$C$9980, C57, KASA!$U$2:$U$9980) -> 1359.96 | X57: =V57-G57 -> 9.714 | Y57: =W57-H57 -> 1359.96 | Z57: =SUMIF(KASA!$C$2:$C$9980, C57, KASA!$V$2:$V$9980) -> 1400 | AA57: =Z57-W57 -> 40.04
C58: POLAT ŞEKERİ (NÖBET ŞEKERİ) | D58: =SUMIFS(KASA!$I:$I, KASA!$C:$C, $C58, KASA!$B:$B, "MAL ALIMI") + SUMIFS(KASA!$I:$I, KASA!$C:$C, $C58, KASA!$B:$B, "ÜRETİM GİRİŞ") -> 1 | E58: {=IFERROR(AVERAGE(IF((KASA!$C$2:$C$9980=$C58)*((KASA!$B$2:$B$9980="MAL ALIMI")+(KASA!$B$2:$B$9980="ÜRETİM GİRİŞ")),KASA!$J$2:$J$9980)),0)} -> 140 | F58: =SUMIFS(KASA!$I:$I, KASA!$C:$C, $C58, KASA!$B:$B, "MAL SATIŞI") + SUMIFS(KASA!$I:$I, KASA!$C:$C, $C58, KASA!$B:$B, "ÜRETİM ÇIKIŞ") -> 0.7 | G58: =SUMIFS(KASA!$I:$I, KASA!$C:$C, $C58, KASA!$B:$B, "MAL İADE") -> 0 | H58: =SUMIFS(KASA!$K:$K, KASA!$C:$C, $C58, KASA!$B:$B, "MAL İADE") + SUMIFS(KASA!$Q:$Q, KASA!$C:$C, $C58, KASA!$B:$B, "MAL İADE") -> 0 | I58: =F58+G58 -> 0.7 | J58: =E58*F58 -> 98 | K58: =SUMIFS(KASA!$Q:$Q, KASA!$C:$C, $C58, KASA!$B:$B, "MAL SATIŞI") + SUMIFS(KASA!$Q:$Q, KASA!$C:$C, $C58, KASA!$B:$B, "ÜRETİM ÇIKIŞ") -> 60 | L58: =SUMIFS(KASA!$K:$K, KASA!$C:$C, $C58, KASA!$B:$B, "MAL SATIŞI") + SUMIFS(KASA!$K:$K, KASA!$C:$C, $C58, KASA!$B:$B, "ÜRETİM ÇIKIŞ") -> 115 | M58: =K58+L58 -> 175 | N58: =M58-J58 -> 77 | O58: =IFERROR(((M58-J58)/J58),0) -> 0.78571429 | P58: =M58/F58 -> 250 | Q58: =D58-F58-G58 -> 0.3 | R58: =Q58*E58 -> 42 | S58: =D58*E58 -> 140 | T58: 0.54 | U58: =Q58-T58 -> -0.24 | V58: =SUMIF(KASA!$C$2:$C$9980, C58, KASA!$T$2:$T$9980) -> 0.3 | W58: =SUMIF(KASA!$C$2:$C$9980, C58, KASA!$U$2:$U$9980) -> 42 | X58: =V58-G58 -> 0.3 | Y58: =W58-H58 -> 42 | Z58: =SUMIF(KASA!$C$2:$C$9980, C58, KASA!$V$2:$V$9980) -> 140 | AA58: =Z58-W58 -> 98
C59: HAŞHAŞ MAVİ | D59: =SUMIFS(KASA!$I:$I, KASA!$C:$C, $C59, KASA!$B:$B, "MAL ALIMI") + SUMIFS(KASA!$I:$I, KASA!$C:$C, $C59, KASA!$B:$B, "ÜRETİM GİRİŞ") -> 1 | E59: {=IFERROR(AVERAGE(IF((KASA!$C$2:$C$9980=$C59)*((KASA!$B$2:$B$9980="MAL ALIMI")+(KASA!$B$2:$B$9980="ÜRETİM GİRİŞ")),KASA!$J$2:$J$9980)),0)} -> 180 | F59: =SUMIFS(KASA!$I:$I, KASA!$C:$C, $C59, KASA!$B:$B, "MAL SATIŞI") + SUMIFS(KASA!$I:$I, KASA!$C:$C, $C59, KASA!$B:$B, "ÜRETİM ÇIKIŞ") -> 0.1 | G59: =SUMIFS(KASA!$I:$I, KASA!$C:$C, $C59, KASA!$B:$B, "MAL İADE") -> 0 | H59: =SUMIFS(KASA!$K:$K, KASA!$C:$C, $C59, KASA!$B:$B, "MAL İADE") + SUMIFS(KASA!$Q:$Q, KASA!$C:$C, $C59, KASA!$B:$B, "MAL İADE") -> 0 | I59: =F59+G59 -> 0.1 | J59: =E59*F59 -> 18 | K59: =SUMIFS(KASA!$Q:$Q, KASA!$C:$C, $C59, KASA!$B:$B, "MAL SATIŞI") + SUMIFS(KASA!$Q:$Q, KASA!$C:$C, $C59, KASA!$B:$B, "ÜRETİM ÇIKIŞ") -> 0 | L59: =SUMIFS(KASA!$K:$K, KASA!$C:$C, $C59, KASA!$B:$B, "MAL SATIŞI") + SUMIFS(KASA!$K:$K, KASA!$C:$C, $C59, KASA!$B:$B, "ÜRETİM ÇIKIŞ") -> 45 | M59: =K59+L59 -> 45 | N59: =M59-J59 -> 27 | O59: =IFERROR(((M59-J59)/J59),0) -> 1.5 | P59: =M59/F59 -> 450 | Q59: =D59-F59-G59 -> 0.9 | R59: =Q59*E59 -> 162 | S59: =D59*E59 -> 180 | T59: 1 | U59: =Q59-T59 -> -0.1 | V59: =SUMIF(KASA!$C$2:$C$9980, C59, KASA!$T$2:$T$9980) -> 0.9 | W59: =SUMIF(KASA!$C$2:$C$9980, C59, KASA!$U$2:$U$9980) -> 162 | X59: =V59-G59 -> 0.9 | Y59: =W59-H59 -> 162 | Z59: =SUMIF(KASA!$C$2:$C$9980, C59, KASA!$V$2:$V$9980) -> 180 | AA59: =Z59-W59 -> 18
C60: DAMLA ÇİKOLATA | D60: =SUMIFS(KASA!$I:$I, KASA!$C:$C, $C60, KASA!$B:$B, "MAL ALIMI") + SUMIFS(KASA!$I:$I, KASA!$C:$C, $C60, KASA!$B:$B, "ÜRETİM GİRİŞ") -> 3 | E60: {=IFERROR(AVERAGE(IF((KASA!$C$2:$C$9980=$C60)*((KASA!$B$2:$B$9980="MAL ALIMI")+(KASA!$B$2:$B$9980="ÜRETİM GİRİŞ")),KASA!$J$2:$J$9980)),0)} -> 195 | F60: =SUMIFS(KASA!$I:$I, KASA!$C:$C, $C60, KASA!$B:$B, "MAL SATIŞI") + SUMIFS(KASA!$I:$I, KASA!$C:$C, $C60, KASA!$B:$B, "ÜRETİM ÇIKIŞ") -> 0.8 | G60: =SUMIFS(KASA!$I:$I, KASA!$C:$C, $C60, KASA!$B:$B, "MAL İADE") -> 0 | H60: =SUMIFS(KASA!$K:$K, KASA!$C:$C, $C60, KASA!$B:$B, "MAL İADE") + SUMIFS(KASA!$Q:$Q, KASA!$C:$C, $C60, KASA!$B:$B, "MAL İADE") -> 0 | I60: =F60+G60 -> 0.8 | J60: =E60*F60 -> 156 | K60: =SUMIFS(KASA!$Q:$Q, KASA!$C:$C, $C60, KASA!$B:$B, "MAL SATIŞI") + SUMIFS(KASA!$Q:$Q, KASA!$C:$C, $C60, KASA!$B:$B, "ÜRETİM ÇIKIŞ") -> 140 | L60: =SUMIFS(KASA!$K:$K, KASA!$C:$C, $C60, KASA!$B:$B, "MAL SATIŞI") + SUMIFS(KASA!$K:$K, KASA!$C:$C, $C60, KASA!$B:$B, "ÜRETİM ÇIKIŞ") -> 250 | M60: =K60+L60 -> 390 | N60: =M60-J60 -> 234 | O60: =IFERROR(((M60-J60)/J60),0) -> 1.5 | P60: =M60/F60 -> 487.5 | Q60: =D60-F60-G60 -> 2.2 | R60: =Q60*E60 -> 429 | S60: =D60*E60 -> 585 | T60: 1 | U60: =Q60-T60 -> 1.2 | V60: =SUMIF(KASA!$C$2:$C$9980, C60, KASA!$T$2:$T$9980) -> 2.2 | W60: =SUMIF(KASA!$C$2:$C$9980, C60, KASA!$U$2:$U$9980) -> 474 | X60: =V60-G60 -> 2.2 | Y60: =W60-H60 -> 474 | Z60: =SUMIF(KASA!$C$2:$C$9980, C60, KASA!$V$2:$V$9980) -> 610 | AA60: =Z60-W60 -> 136
C61: ORMANÖZÜ SUMAKLI NAR EKŞİSİ 250 ml | D61: =SUMIFS(KASA!$I:$I, KASA!$C:$C, $C61, KASA!$B:$B, "MAL ALIMI") + SUMIFS(KASA!$I:$I, KASA!$C:$C, $C61, KASA!$B:$B, "ÜRETİM GİRİŞ") -> 3 | E61: {=IFERROR(AVERAGE(IF((KASA!$C$2:$C$9980=$C61)*((KASA!$B$2:$B$9980="MAL ALIMI")+(KASA!$B$2:$B$9980="ÜRETİM GİRİŞ")),KASA!$J$2:$J$9980)),0)} -> 99.9 | F61: =SUMIFS(KASA!$I:$I, KASA!$C:$C, $C61, KASA!$B:$B, "MAL SATIŞI") + SUMIFS(KASA!$I:$I, KASA!$C:$C, $C61, KASA!$B:$B, "ÜRETİM ÇIKIŞ") -> 3 | G61: =SUMIFS(KASA!$I:$I, KASA!$C:$C, $C61, KASA!$B:$B, "MAL İADE") -> 0 | H61: =SUMIFS(KASA!$K:$K, KASA!$C:$C, $C61, KASA!$B:$B, "MAL İADE") + SUMIFS(KASA!$Q:$Q, KASA!$C:$C, $C61, KASA!$B:$B, "MAL İADE") -> 0 | I61: =F61+G61 -> 3 | J61: =E61*F61 -> 299.7 | K61: =SUMIFS(KASA!$Q:$Q, KASA!$C:$C, $C61, KASA!$B:$B, "MAL SATIŞI") + SUMIFS(KASA!$Q:$Q, KASA!$C:$C, $C61, KASA!$B:$B, "ÜRETİM ÇIKIŞ") -> 360 | L61: =SUMIFS(KASA!$K:$K, KASA!$C:$C, $C61, KASA!$B:$B, "MAL SATIŞI") + SUMIFS(KASA!$K:$K, KASA!$C:$C, $C61, KASA!$B:$B, "ÜRETİM ÇIKIŞ") -> 0 | M61: =K61+L61 -> 360 | N61: =M61-J61 -> 60.3 | O61: =IFERROR(((M61-J61)/J61),0) -> 0.2012012 | P61: =M61/F61 -> 120 | Q61: =D61-F61-G61 -> 0 | R61: =Q61*E61 -> 0 | S61: =D61*E61 -> 299.7 | T61: 0 | U61: =Q61-T61 -> 0 | V61: =SUMIF(KASA!$C$2:$C$9980, C61, KASA!$T$2:$T$9980) -> 0 | W61: =SUMIF(KASA!$C$2:$C$9980, C61, KASA!$U$2:$U$9980) -> 0 | X61: =V61-G61 -> 0 | Y61: =W61-H61 -> 0 | Z61: =SUMIF(KASA!$C$2:$C$9980, C61, KASA!$V$2:$V$9980) -> 299.7 | AA61: =Z61-W61 -> 299.7
C62: ORMANÖZÜ ORGANİK ALIÇ SİRKESİ 500 ml | D62: =SUMIFS(KASA!$I:$I, KASA!$C:$C, $C62, KASA!$B:$B, "MAL ALIMI") + SUMIFS(KASA!$I:$I, KASA!$C:$C, $C62, KASA!$B:$B, "ÜRETİM GİRİŞ") -> 3 | E62: {=IFERROR(AVERAGE(IF((KASA!$C$2:$C$9980=$C62)*((KASA!$B$2:$B$9980="MAL ALIMI")+(KASA!$B$2:$B$9980="ÜRETİM GİRİŞ")),KASA!$J$2:$J$9980)),0)} -> 79.9 | F62: =SUMIFS(KASA!$I:$I, KASA!$C:$C, $C62, KASA!$B:$B, "MAL SATIŞI") + SUMIFS(KASA!$I:$I, KASA!$C:$C, $C62, KASA!$B:$B, "ÜRETİM ÇIKIŞ") -> 3 | G62: =SUMIFS(KASA!$I:$I, KASA!$C:$C, $C62, KASA!$B:$B, "MAL İADE") -> 0 | H62: =SUMIFS(KASA!$K:$K, KASA!$C:$C, $C62, KASA!$B:$B, "MAL İADE") + SUMIFS(KASA!$Q:$Q, KASA!$C:$C, $C62, KASA!$B:$B, "MAL İADE") -> 0 | I62: =F62+G62 -> 3 | J62: =E62*F62 -> 239.7 | K62: =SUMIFS(KASA!$Q:$Q, KASA!$C:$C, $C62, KASA!$B:$B, "MAL SATIŞI") + SUMIFS(KASA!$Q:$Q, KASA!$C:$C, $C62, KASA!$B:$B, "ÜRETİM ÇIKIŞ") -> 330 | L62: =SUMIFS(KASA!$K:$K, KASA!$C:$C, $C62, KASA!$B:$B, "MAL SATIŞI") + SUMIFS(KASA!$K:$K, KASA!$C:$C, $C62, KASA!$B:$B, "ÜRETİM ÇIKIŞ") -> 0 | M62: =K62+L62 -> 330 | N62: =M62-J62 -> 90.3 | O62: =IFERROR(((M62-J62)/J62),0) -> 0.3767209 | P62: =M62/F62 -> 110 | Q62: =D62-F62-G62 -> 0 | R62: =Q62*E62 -> 0 | S62: =D62*E62 -> 239.7 | T62: 0 | U62: =Q62-T62 -> 0 | V62: =SUMIF(KASA!$C$2:$C$9980, C62, KASA!$T$2:$T$9980) -> 0 | W62: =SUMIF(KASA!$C$2:$C$9980, C62, KASA!$U$2:$U$9980) -> 0 | X62: =V62-G62 -> 0 | Y62: =W62-H62 -> 0 | Z62: =SUMIF(KASA!$C$2:$C$9980, C62, KASA!$V$2:$V$9980) -> 239.7 | AA62: =Z62-W62 -> 239.7
... C135: ZÜHRE ANA ENGİNAR MACUNU | D135: =SUMIFS(KASA!$I:$I, KASA!$C:$C, $C135, KASA!$B:$B, "MAL ALIMI") + SUMIFS(KASA!$I:$I, KASA!$C:$C, $C135, KASA!$B:$B, "ÜRETİM GİRİŞ") -> 4 | E135: {=IFERROR(AVERAGE(IF((KASA!$C$2:$C$9980=$C135)*((KASA!$B$2:$B$9980="MAL ALIMI")+(KASA!$B$2:$B$9980="ÜRETİM GİRİŞ")),KASA!$J$2:$J$9980)),0)} -> 166.7 | F135: =SUMIFS(KASA!$I:$I, KASA!$C:$C, $C135, KASA!$B:$B, "MAL SATIŞI") + SUMIFS(KASA!$I:$I, KASA!$C:$C, $C135, KASA!$B:$B, "ÜRETİM ÇIKIŞ") -> 0 | G135: =SUMIFS(KASA!$I:$I, KASA!$C:$C, $C135, KASA!$B:$B, "MAL İADE") -> 0 | H135: =SUMIFS(KASA!$K:$K, KASA!$C:$C, $C135, KASA!$B:$B, "MAL İADE") + SUMIFS(KASA!$Q:$Q, KASA!$C:$C, $C135, KASA!$B:$B, "MAL İADE") -> 0 | I135: =F135+G135 -> 0 | J135: =E135*F135 -> 0 | K135: =SUMIFS(KASA!$Q:$Q, KASA!$C:$C, $C135, KASA!$B:$B, "MAL SATIŞI") + SUMIFS(KASA!$Q:$Q, KASA!$C:$C, $C135, KASA!$B:$B, "ÜRETİM ÇIKIŞ") -> 0 | L135: =SUMIFS(KASA!$K:$K, KASA!$C:$C, $C135, KASA!$B:$B, "MAL SATIŞI") + SUMIFS(KASA!$K:$K, KASA!$C:$C, $C135, KASA!$B:$B, "ÜRETİM ÇIKIŞ") -> 0 | M135: =K135+L135 -> 0 | N135: =M135-J135 -> 0 | O135: =IFERROR(((M135-J135)/J135),0) -> 0 | P135: =M135/F135 -> #DIV/0! | Q135: =D135-F135-G135 -> 4 | R135: =Q135*E135 -> 666.8 | S135: =D135*E135 -> 666.8 | T135: 4 | U135: =Q135-T135 -> 0 | V135: =SUMIF(KASA!$C$2:$C$9980, C135, KASA!$T$2:$T$9980) -> 4 | W135: =SUMIF(KASA!$C$2:$C$9980, C135, KASA!$U$2:$U$9980) -> 666.8 | X135: =V135-G135 -> 4 | Y135: =W135-H135 -> 666.8 | Z135: =SUMIF(KASA!$C$2:$C$9980, C135, KASA!$V$2:$V$9980) -> 666.8 | AA135: =Z135-W135 -> 0
C136: MANİSA YAPRAK DÖKME | D136: =SUMIFS(KASA!$I:$I, KASA!$C:$C, $C136, KASA!$B:$B, "MAL ALIMI") + SUMIFS(KASA!$I:$I, KASA!$C:$C, $C136, KASA!$B:$B, "ÜRETİM GİRİŞ") -> 58.25 | E136: {=IFERROR(AVERAGE(IF((KASA!$C$2:$C$9980=$C136)*((KASA!$B$2:$B$9980="MAL ALIMI")+(KASA!$B$2:$B$9980="ÜRETİM GİRİŞ")),KASA!$J$2:$J$9980)),0)} -> 233.66 | F136: =SUMIFS(KASA!$I:$I, KASA!$C:$C, $C136, KASA!$B:$B, "MAL SATIŞI") + SUMIFS(KASA!$I:$I, KASA!$C:$C, $C136, KASA!$B:$B, "ÜRETİM ÇIKIŞ") -> 60.418357 | G136: =SUMIFS(KASA!$I:$I, KASA!$C:$C, $C136, KASA!$B:$B, "MAL İADE") -> 0 | H136: =SUMIFS(KASA!$K:$K, KASA!$C:$C, $C136, KASA!$B:$B, "MAL İADE") + SUMIFS(KASA!$Q:$Q, KASA!$C:$C, $C136, KASA!$B:$B, "MAL İADE") -> 0 | I136: =F136+G136 -> 60.418357 | J136: =E136*F136 -> 14117.353 | K136: =SUMIFS(KASA!$Q:$Q, KASA!$C:$C, $C136, KASA!$B:$B, "MAL SATIŞI") + SUMIFS(KASA!$Q:$Q, KASA!$C:$C, $C136, KASA!$B:$B, "ÜRETİM ÇIKIŞ") -> 8549.2 | L136: =SUMIFS(KASA!$K:$K, KASA!$C:$C, $C136, KASA!$B:$B, "MAL SATIŞI") + SUMIFS(KASA!$K:$K, KASA!$C:$C, $C136, KASA!$B:$B, "ÜRETİM ÇIKIŞ") -> 11316.85 | M136: =K136+L136 -> 19866.05 | N136: =M136-J136 -> 5748.6967 | O136: =IFERROR(((M136-J136)/J136),0) -> 0.40720782 | P136: =M136/F136 -> 328.80818 | Q136: =D136-F136-G136 -> -2.1683571 | R136: =Q136*E136 -> -506.65833 | S136: =D136*E136 -> 13610.695 | U136: =Q136-T136 -> -2.1683571 | V136: =SUMIF(KASA!$C$2:$C$9980, C136, KASA!$T$2:$T$9980) -> 0 | W136: =SUMIF(KASA!$C$2:$C$9980, C136, KASA!$U$2:$U$9980) -> 0 | X136: =V136-G136 -> 0 | Y136: =W136-H136 -> 0 | Z136: =SUMIF(KASA!$C$2:$C$9980, C136, KASA!$V$2:$V$9980) -> 12050.03 | AA136: =Z136-W136 -> 12050.03
C137: TALA YILAN YAĞI 20 ML | D137: =SUMIFS(KASA!$I:$I, KASA!$C:$C, $C137, KASA!$B:$B, "MAL ALIMI") + SUMIFS(KASA!$I:$I, KASA!$C:$C, $C137, KASA!$B:$B, "ÜRETİM GİRİŞ") -> 8 | E137: {=IFERROR(AVERAGE(IF((KASA!$C$2:$C$9980=$C137)*((KASA!$B$2:$B$9980="MAL ALIMI")+(KASA!$B$2:$B$9980="ÜRETİM GİRİŞ")),KASA!$J$2:$J$9980)),0)} -> 69.95 | F137: =SUMIFS(KASA!$I:$I, KASA!$C:$C, $C137, KASA!$B:$B, "MAL SATIŞI") + SUMIFS(KASA!$I:$I, KASA!$C:$C, $C137, KASA!$B:$B, "ÜRETİM ÇIKIŞ") -> 0 | G137: =SUMIFS(KASA!$I:$I, KASA!$C:$C, $C137, KASA!$B:$B, "MAL İADE") -> 0 | H137: =SUMIFS(KASA!$K:$K, KASA!$C:$C, $C137, KASA!$B:$B, "MAL İADE") + SUMIFS(KASA!$Q:$Q, KASA!$C:$C, $C137, KASA!$B:$B, "MAL İADE") -> 0 | I137: =F137+G137 -> 0 | J137: =E137*F137 -> 0 | K137: =SUMIFS(KASA!$Q:$Q, KASA!$C:$C, $C137, KASA!$B:$B, "MAL SATIŞI") + SUMIFS(KASA!$Q:$Q, KASA!$C:$C, $C137, KASA!$B:$B, "ÜRETİM ÇIKIŞ") -> 0 | L137: =SUMIFS(KASA!$K:$K, KASA!$C:$C, $C137, KASA!$B:$B, "MAL SATIŞI") + SUMIFS(KASA!$K:$K, KASA!$C:$C, $C137, KASA!$B:$B, "ÜRETİM ÇIKIŞ") -> 0 | M137: =K137+L137 -> 0 | N137: =M137-J137 -> 0 | O137: =IFERROR(((M137-J137)/J137),0) -> 0 | P137: =M137/F137 -> #DIV/0! | Q137: =D137-F137-G137 -> 8 | R137: =Q137*E137 -> 559.6 | S137: =D137*E137 -> 559.6 | T137: 8 | U137: =Q137-T137 -> 0 | V137: =SUMIF(KASA!$C$2:$C$9980, C137, KASA!$T$2:$T$9980) -> 8 | W137: =SUMIF(KASA!$C$2:$C$9980, C137, KASA!$U$2:$U$9980) -> 559.6 | X137: =V137-G137 -> 8 | Y137: =W137-H137 -> 559.6 | Z137: =SUMIF(KASA!$C$2:$C$9980, C137, KASA!$V$2:$V$9980) -> 559.6 | AA137: =Z137-W137 -> 0
C138: ÖMRÜM VANİLYALI GOFRET 450 GR | D138: =SUMIFS(KASA!$I:$I, KASA!$C:$C, $C138, KASA!$B:$B, "MAL ALIMI") + SUMIFS(KASA!$I:$I, KASA!$C:$C, $C138, KASA!$B:$B, "ÜRETİM GİRİŞ") -> 17 | E138: {=IFERROR(AVERAGE(IF((KASA!$C$2:$C$9980=$C138)*((KASA!$B$2:$B$9980="MAL ALIMI")+(KASA!$B$2:$B$9980="ÜRETİM GİRİŞ")),KASA!$J$2:$J$9980)),0)} -> 50.25 | F138: =SUMIFS(KASA!$I:$I, KASA!$C:$C, $C138, KASA!$B:$B, "MAL SATIŞI") + SUMIFS(KASA!$I:$I, KASA!$C:$C, $C138, KASA!$B:$B, "ÜRETİM ÇIKIŞ") -> 9 | G138: =SUMIFS(KASA!$I:$I, KASA!$C:$C, $C138, KASA!$B:$B, "MAL İADE") -> 0 | H138: =SUMIFS(KASA!$K:$K, KASA!$C:$C, $C138, KASA!$B:$B, "MAL İADE") + SUMIFS(KASA!$Q:$Q, KASA!$C:$C, $C138, KASA!$B:$B, "MAL İADE") -> 0 | I138: =F138+G138 -> 9 | J138: =E138*F138 -> 452.25 | K138: =SUMIFS(KASA!$Q:$Q, KASA!$C:$C, $C138, KASA!$B:$B, "MAL SATIŞI") + SUMIFS(KASA!$Q:$Q, KASA!$C:$C, $C138, KASA!$B:$B, "ÜRETİM ÇIKIŞ") -> 500 | L138: =SUMIFS(KASA!$K:$K, KASA!$C:$C, $C138, KASA!$B:$B, "MAL SATIŞI") + SUMIFS(KASA!$K:$K, KASA!$C:$C, $C138, KASA!$B:$B, "ÜRETİM ÇIKIŞ") -> 230 | M138: =K138+L138 -> 730 | N138: =M138-J138 -> 277.75 | O138: =IFERROR(((M138-J138)/J138),0) -> 0.61415146 | P138: =M138/F138 -> 81.111111 | Q138: =D138-F138-G138 -> 8 | R138: =Q138*E138 -> 402 | S138: =D138*E138 -> 854.25 | T138: 1 | U138: =Q138-T138 -> 7 | V138: =SUMIF(KASA!$C$2:$C$9980, C138, KASA!$T$2:$T$9980) -> 8 | W138: =SUMIF(KASA!$C$2:$C$9980, C138, KASA!$U$2:$U$9980) -> 400 | X138: =V138-G138 -> 8 | Y138: =W138-H138 -> 400 | Z138: =SUMIF(KASA!$C$2:$C$9980, C138, KASA!$V$2:$V$9980) -> 852.5 | AA138: =Z138-W138 -> 452.5
C139: ÖMRÜM KAKAOLU GOFRET 450 GR | D139: =SUMIFS(KASA!$I:$I, KASA!$C:$C, $C139, KASA!$B:$B, "MAL ALIMI") + SUMIFS(KASA!$I:$I, KASA!$C:$C, $C139, KASA!$B:$B, "ÜRETİM GİRİŞ") -> 3 | E139: {=IFERROR(AVERAGE(IF((KASA!$C$2:$C$9980=$C139)*((KASA!$B$2:$B$9980="MAL ALIMI")+(KASA!$B$2:$B$9980="ÜRETİM GİRİŞ")),KASA!$J$2:$J$9980)),0)} -> 50.5 | F139: =SUMIFS(KASA!$I:$I, KASA!$C:$C, $C139, KASA!$B:$B, "MAL SATIŞI") + SUMIFS(KASA!$I:$I, KASA!$C:$C, $C139, KASA!$B:$B, "ÜRETİM ÇIKIŞ") -> 3 | G139: =SUMIFS(KASA!$I:$I, KASA!$C:$C, $C139, KASA!$B:$B, "MAL İADE") -> 0 | H139: =SUMIFS(KASA!$K:$K, KASA!$C:$C, $C139, KASA!$B:$B, "MAL İADE") + SUMIFS(KASA!$Q:$Q, KASA!$C:$C, $C139, KASA!$B:$B, "MAL İADE") -> 0 | I139: =F139+G139 -> 3 | J139: =E139*F139 -> 151.5 | K139: =SUMIFS(KASA!$Q:$Q, KASA!$C:$C, $C139, KASA!$B:$B, "MAL SATIŞI") + SUMIFS(KASA!$Q:$Q, KASA!$C:$C, $C139, KASA!$B:$B, "ÜRETİM ÇIKIŞ") -> 190 | L139: =SUMIFS(KASA!$K:$K, KASA!$C:$C, $C139, KASA!$B:$B, "MAL SATIŞI") + SUMIFS(KASA!$K:$K, KASA!$C:$C, $C139, KASA!$B:$B, "ÜRETİM ÇIKIŞ") -> 0 | M139: =K139+L139 -> 190 | N139: =M139-J139 -> 38.5 | O139: =IFERROR(((M139-J139)/J139),0) -> 0.25412541 | P139: =M139/F139 -> 63.333333 | Q139: =D139-F139-G139 -> 0 | R139: =Q139*E139 -> 0 | S139: =D139*E139 -> 151.5 | T139: 2 | U139: =Q139-T139 -> -2 | V139: =SUMIF(KASA!$C$2:$C$9980, C139, KASA!$T$2:$T$9980) -> 0 | W139: =SUMIF(KASA!$C$2:$C$9980, C139, KASA!$U$2:$U$9980) -> 0 | X139: =V139-G139 -> 0 | Y139: =W139-H139 -> 0 | Z139: =SUMIF(KASA!$C$2:$C$9980, C139, KASA!$V$2:$V$9980) -> 151.5 | AA139: =Z139-W139 -> 151.5
C140: ÜZÜM SİYAH KİLİS | D140: =SUMIFS(KASA!$I:$I, KASA!$C:$C, $C140, KASA!$B:$B, "MAL ALIMI") + SUMIFS(KASA!$I:$I, KASA!$C:$C, $C140, KASA!$B:$B, "ÜRETİM GİRİŞ") -> 15 | E140: {=IFERROR(AVERAGE(IF((KASA!$C$2:$C$9980=$C140)*((KASA!$B$2:$B$9980="MAL ALIMI")+(KASA!$B$2:$B$9980="ÜRETİM GİRİŞ")),KASA!$J$2:$J$9980)),0)} -> 392.15 | F140: =SUMIFS(KASA!$I:$I, KASA!$C:$C, $C140, KASA!$B:$B, "MAL SATIŞI") + SUMIFS(KASA!$I:$I, KASA!$C:$C, $C140, KASA!$B:$B, "ÜRETİM ÇIKIŞ") -> 3.9339954 | G140: =SUMIFS(KASA!$I:$I, KASA!$C:$C, $C140, KASA!$B:$B, "MAL İADE") -> 0 | H140: =SUMIFS(KASA!$K:$K, KASA!$C:$C, $C140, KASA!$B:$B, "MAL İADE") + SUMIFS(KASA!$Q:$Q, KASA!$C:$C, $C140, KASA!$B:$B, "MAL İADE") -> 0 | I140: =F140+G140 -> 3.9339954 | J140: =E140*F140 -> 1542.7163 | K140: =SUMIFS(KASA!$Q:$Q, KASA!$C:$C, $C140, KASA!$B:$B, "MAL SATIŞI") + SUMIFS(KASA!$Q:$Q, KASA!$C:$C, $C140, KASA!$B:$B, "ÜRETİM ÇIKIŞ") -> 1170 | L140: =SUMIFS(KASA!$K:$K, KASA!$C:$C, $C140, KASA!$B:$B, "MAL SATIŞI") + SUMIFS(KASA!$K:$K, KASA!$C:$C, $C140, KASA!$B:$B, "ÜRETİM ÇIKIŞ") -> 1387.097 | M140: =K140+L140 -> 2557.097 | N140: =M140-J140 -> 1014.3807 | O140: =IFERROR(((M140-J140)/J140),0) -> 0.65752901 | P140: =M140/F140 -> 650 | Q140: =D140-F140-G140 -> 11.066005 | R140: =Q140*E140 -> 4339.5337 | S140: =D140*E140 -> 5882.25 | T140: 3.778 | U140: =Q140-T140 -> 7.2880046 | V140: =SUMIF(KASA!$C$2:$C$9980, C140, KASA!$T$2:$T$9980) -> 11.066005 | W140: =SUMIF(KASA!$C$2:$C$9980, C140, KASA!$U$2:$U$9980) -> 3962.9658 | X140: =V140-G140 -> 11.066005 | Y140: =W140-H140 -> 3962.9658 | Z140: =SUMIF(KASA!$C$2:$C$9980, C140, KASA!$V$2:$V$9980) -> 5671.5 | AA140: =Z140-W140 -> 1708.5342
C141: ERBATAB METİKOBALAMİN B12 SPREY 10 ML | D141: =SUMIFS(KASA!$I:$I, KASA!$C:$C, $C141, KASA!$B:$B, "MAL ALIMI") + SUMIFS(KASA!$I:$I, KASA!$C:$C, $C141, KASA!$B:$B, "ÜRETİM GİRİŞ") -> 3 | E141: {=IFERROR(AVERAGE(IF((KASA!$C$2:$C$9980=$C141)*((KASA!$B$2:$B$9980="MAL ALIMI")+(KASA!$B$2:$B$9980="ÜRETİM GİRİŞ")),KASA!$J$2:$J$9980)),0)} -> 219.91 | F141: =SUMIFS(KASA!$I:$I, KASA!$C:$C, $C141, KASA!$B:$B, "MAL SATIŞI") + SUMIFS(KASA!$I:$I, KASA!$C:$C, $C141, KASA!$B:$B, "ÜRETİM ÇIKIŞ") -> 0 | G141: =SUMIFS(KASA!$I:$I, KASA!$C:$C, $C141, KASA!$B:$B, "MAL İADE") -> 0 | H141: =SUMIFS(KASA!$K:$K, KASA!$C:$C, $C141, KASA!$B:$B, "MAL İADE") + SUMIFS(KASA!$Q:$Q, KASA!$C:$C, $C141, KASA!$B:$B, "MAL İADE") -> 0 | I141: =F141+G141 -> 0 | J141: =E141*F141 -> 0 | K141: =SUMIFS(KASA!$Q:$Q, KASA!$C:$C, $C141, KASA!$B:$B, "MAL SATIŞI") + SUMIFS(KASA!$Q:$Q, KASA!$C:$C, $C141, KASA!$B:$B, "ÜRETİM ÇIKIŞ") -> 0 | L141: =SUMIFS(KASA!$K:$K, KASA!$C:$C, $C141, KASA!$B:$B, "MAL SATIŞI") + SUMIFS(KASA!$K:$K, KASA!$C:$C, $C141, KASA!$B:$B, "ÜRETİM ÇIKIŞ") -> 0 | M141: =K141+L141 -> 0 | N141: =M141-J141 -> 0 | O141: =IFERROR(((M141-J141)/J141),0) -> 0 | P141: =M141/F141 -> #DIV/0! | Q141: =D141-F141-G141 -> 3 | R141: =Q141*E141 -> 659.73 | S141: =D141*E141 -> 659.73 | T141: 3 | U141: =Q141-T141 -> 0 | V141: =SUMIF(KASA!$C$2:$C$9980, C141, KASA!$T$2:$T$9980) -> 3 | W141: =SUMIF(KASA!$C$2:$C$9980, C141, KASA!$U$2:$U$9980) -> 661.88 | X141: =V141-G141 -> 3 | Y141: =W141-H141 -> 661.88 | Z141: =SUMIF(KASA!$C$2:$C$9980, C141, KASA!$V$2:$V$9980) -> 661.88 | AA141: =Z141-W141 -> 0
C142: PEINEILI GİNSENG KUVVET BİTKİSEL KARIŞIMLI MACUN | D142: =SUMIFS(KASA!$I:$I, KASA!$C:$C, $C142, KASA!$B:$B, "MAL ALIMI") + SUMIFS(KASA!$I:$I, KASA!$C:$C, $C142, KASA!$B:$B, "ÜRETİM GİRİŞ") -> 5 | E142: {=IFERROR(AVERAGE(IF((KASA!$C$2:$C$9980=$C142)*((KASA!$B$2:$B$9980="MAL ALIMI")+(KASA!$B$2:$B$9980="ÜRETİM GİRİŞ")),KASA!$J$2:$J$9980)),0)} -> 182.004 | F142: =SUMIFS(KASA!$I:$I, KASA!$C:$C, $C142, KASA!$B:$B, "MAL SATIŞI") + SUMIFS(KASA!$I:$I, KASA!$C:$C, $C142, KASA!$B:$B, "ÜRETİM ÇIKIŞ") -> 3 | G142: =SUMIFS(KASA!$I:$I, KASA!$C:$C, $C142, KASA!$B:$B, "MAL İADE") -> 0 | H142: =SUMIFS(KASA!$K:$K, KASA!$C:$C, $C142, KASA!$B:$B, "MAL İADE") + SUMIFS(KASA!$Q:$Q, KASA!$C:$C, $C142, KASA!$B:$B, "MAL İADE") -> 0 | I142: =F142+G142 -> 3 | J142: =E142*F142 -> 546.012 | K142: =SUMIFS(KASA!$Q:$Q, KASA!$C:$C, $C142, KASA!$B:$B, "MAL SATIŞI") + SUMIFS(KASA!$Q:$Q, KASA!$C:$C, $C142, KASA!$B:$B, "ÜRETİM ÇIKIŞ") -> 950 | L142: =SUMIFS(KASA!$K:$K, KASA!$C:$C, $C142, KASA!$B:$B, "MAL SATIŞI") + SUMIFS(KASA!$K:$K, KASA!$C:$C, $C142, KASA!$B:$B, "ÜRETİM ÇIKIŞ") -> 500 | M142: =K142+L142 -> 1450 | N142: =M142-J142 -> 903.988 | O142: =IFERROR(((M142-J142)/J142),0) -> 1.6556193 | P142: =M142/F142 -> 483.33333 | Q142: =D142-F142-G142 -> 2 | R142: =Q142*E142 -> 364.008 | S142: =D142*E142 -> 910.02 | T142: 5 | U142: =Q142-T142 -> -3 | V142: =SUMIF(KASA!$C$2:$C$9980, C142, KASA!$T$2:$T$9980) -> 2 | W142: =SUMIF(KASA!$C$2:$C$9980, C142, KASA!$U$2:$U$9980) -> 364.008 | X142: =V142-G142 -> 2 | Y142: =W142-H142 -> 364.008 | Z142: =SUMIF(KASA!$C$2:$C$9980, C142, KASA!$V$2:$V$9980) -> 910.02 | AA142: =Z142-W142 -> 546.012
C143: ADAÇAYI DEMET | D143: =SUMIFS(KASA!$I:$I, KASA!$C:$C, $C143, KASA!$B:$B, "MAL ALIMI") + SUMIFS(KASA!$I:$I, KASA!$C:$C, $C143, KASA!$B:$B, "ÜRETİM GİRİŞ") -> 10 | E143: {=IFERROR(AVERAGE(IF((KASA!$C$2:$C$9980=$C143)*((KASA!$B$2:$B$9980="MAL ALIMI")+(KASA!$B$2:$B$9980="ÜRETİM GİRİŞ")),KASA!$J$2:$J$9980)),0)} -> 20 | F143: =SUMIFS(KASA!$I:$I, KASA!$C:$C, $C143, KASA!$B:$B, "MAL SATIŞI") + SUMIFS(KASA!$I:$I, KASA!$C:$C, $C143, KASA!$B:$B, "ÜRETİM ÇIKIŞ") -> 9 | G143: =SUMIFS(KASA!$I:$I, KASA!$C:$C, $C143, KASA!$B:$B, "MAL İADE") -> 0 | H143: =SUMIFS(KASA!$K:$K, KASA!$C:$C, $C143, KASA!$B:$B, "MAL İADE") + SUMIFS(KASA!$Q:$Q, KASA!$C:$C, $C143, KASA!$B:$B, "MAL İADE") -> 0 | I143: =F143+G143 -> 9 | J143: =E143*F143 -> 180 | K143: =SUMIFS(KASA!$Q:$Q, KASA!$C:$C, $C143, KASA!$B:$B, "MAL SATIŞI") + SUMIFS(KASA!$Q:$Q, KASA!$C:$C, $C143, KASA!$B:$B, "ÜRETİM ÇIKIŞ") -> 240 | L143: =SUMIFS(KASA!$K:$K, KASA!$C:$C, $C143, KASA!$B:$B, "MAL SATIŞI") + SUMIFS(KASA!$K:$K, KASA!$C:$C, $C143, KASA!$B:$B, "ÜRETİM ÇIKIŞ") -> 300 | M143: =K143+L143 -> 540 | N143: =M143-J143 -> 360 | O143: =IFERROR(((M143-J143)/J143),0) -> 2 | P143: =M143/F143 -> 60 | Q143: =D143-F143-G143 -> 1 | R143: =Q143*E143 -> 20 | S143: =D143*E143 -> 200 | T143: 1 | U143: =Q143-T143 -> 0 | V143: =SUMIF(KASA!$C$2:$C$9980, C143, KASA!$T$2:$T$9980) -> 1 | W143: =SUMIF(KASA!$C$2:$C$9980, C143, KASA!$U$2:$U$9980) -> 20 | X143: =V143-G143 -> 1 | Y143: =W143-H143 -> 20 | Z143: =SUMIF(KASA!$C$2:$C$9980, C143, KASA!$V$2:$V$9980) -> 200 | AA143: =Z143-W143 -> 180
C144: ADAÇAYI SIYIRMA | D144: =SUMIFS(KASA!$I:$I, KASA!$C:$C, $C144, KASA!$B:$B, "MAL ALIMI") + SUMIFS(KASA!$I:$I, KASA!$C:$C, $C144, KASA!$B:$B, "ÜRETİM GİRİŞ") -> 1 | E144: {=IFERROR(AVERAGE(IF((KASA!$C$2:$C$9980=$C144)*((KASA!$B$2:$B$9980="MAL ALIMI")+(KASA!$B$2:$B$9980="ÜRETİM GİRİŞ")),KASA!$J$2:$J$9980)),0)} -> 245 | F144: =SUMIFS(KASA!$I:$I, KASA!$C:$C, $C144, KASA!$B:$B, "MAL SATIŞI") + SUMIFS(KASA!$I:$I, KASA!$C:$C, $C144, KASA!$B:$B, "ÜRETİM ÇIKIŞ") -> 0.42578378 | G144: =SUMIFS(KASA!$I:$I, KASA!$C:$C, $C144, KASA!$B:$B, "MAL İADE") -> 0 | H144: =SUMIFS(KASA!$K:$K, KASA!$C:$C, $C144, KASA!$B:$B, "MAL İADE") + SUMIFS(KASA!$Q:$Q, KASA!$C:$C, $C144, KASA!$B:$B, "MAL İADE") -> 0 | I144: =F144+G144 -> 0.42578378 | J144: =E144*F144 -> 104.31703 | K144: =SUMIFS(KASA!$Q:$Q, KASA!$C:$C, $C144, KASA!$B:$B, "MAL SATIŞI") + SUMIFS(KASA!$Q:$Q, KASA!$C:$C, $C144, KASA!$B:$B, "ÜRETİM ÇIKIŞ") -> 219.37 | L144: =SUMIFS(KASA!$K:$K, KASA!$C:$C, $C144, KASA!$B:$B, "MAL SATIŞI") + SUMIFS(KASA!$K:$K, KASA!$C:$C, $C144, KASA!$B:$B, "ÜRETİM ÇIKIŞ") -> 93 | M144: =K144+L144 -> 312.37 | N144: =M144-J144 -> 208.05297 | O144: =IFERROR(((M144-J144)/J144),0) -> 1.9944297 | P144: =M144/F144 -> 733.63527 | Q144: =D144-F144-G144 -> 0.57421622 | R144: =Q144*E144 -> 140.68297 | S144: =D144*E144 -> 245 | T144: 0.76 | U144: =Q144-T144 -> -0.18578378 | V144: =SUMIF(KASA!$C$2:$C$9980, C144, KASA!$T$2:$T$9980) -> 0.57421622 | W144: =SUMIF(KASA!$C$2:$C$9980, C144, KASA!$U$2:$U$9980) -> 140.68297 | X144: =V144-G144 -> 0.57421622 | Y144: =W144-H144 -> 140.68297 | Z144: =SUMIF(KASA!$C$2:$C$9980, C144, KASA!$V$2:$V$9980) -> 245 | AA144: =Z144-W144 -> 104.31703
C145: ALTIN OTU SIYIRMA | D145: =SUMIFS(KASA!$I:$I, KASA!$C:$C, $C145, KASA!$B:$B, "MAL ALIMI") + SUMIFS(KASA!$I:$I, KASA!$C:$C, $C145, KASA!$B:$B, "ÜRETİM GİRİŞ") -> 1 | E145: {=IFERROR(AVERAGE(IF((KASA!$C$2:$C$9980=$C145)*((KASA!$B$2:$B$9980="MAL ALIMI")+(KASA!$B$2:$B$9980="ÜRETİM GİRİŞ")),KASA!$J$2:$J$9980)),0)} -> 590 | F145: =SUMIFS(KASA!$I:$I, KASA!$C:$C, $C145, KASA!$B:$B, "MAL SATIŞI") + SUMIFS(KASA!$I:$I, KASA!$C:$C, $C145, KASA!$B:$B, "ÜRETİM ÇIKIŞ") -> 0.261 | G145: =SUMIFS(KASA!$I:$I, KASA!$C:$C, $C145, KASA!$B:$B, "MAL İADE") -> 0 | H145: =SUMIFS(KASA!$K:$K, KASA!$C:$C, $C145, KASA!$B:$B, "MAL İADE") + SUMIFS(KASA!$Q:$Q, KASA!$C:$C, $C145, KASA!$B:$B, "MAL İADE") -> 0 | I145: =F145+G145 -> 0.261 | J145: =E145*F145 -> 153.99 | K145: =SUMIFS(KASA!$Q:$Q, KASA!$C:$C, $C145, KASA!$B:$B, "MAL SATIŞI") + SUMIFS(KASA!$Q:$Q, KASA!$C:$C, $C145, KASA!$B:$B, "ÜRETİM ÇIKIŞ") -> 364.97 | L145: =SUMIFS(KASA!$K:$K, KASA!$C:$C, $C145, KASA!$B:$B, "MAL SATIŞI") + SUMIFS(KASA!$K:$K, KASA!$C:$C, $C145, KASA!$B:$B, "ÜRETİM ÇIKIŞ") -> 88.5 | M145: =K145+L145 -> 453.47 | N145: =M145-J145 -> 299.48 | O145: =IFERROR(((M145-J145)/J145),0) -> 1.9448016 | P145: =M145/F145 -> 1737.433 | Q145: =D145-F145-G145 -> 0.739 | R145: =Q145*E145 -> 436.01 | S145: =D145*E145 -> 590 | T145: 0.74 | U145: =Q145-T145 -> -0.001 | V145: =SUMIF(KASA!$C$2:$C$9980, C145, KASA!$T$2:$T$9980) -> 0.739 | W145: =SUMIF(KASA!$C$2:$C$9980, C145, KASA!$U$2:$U$9980) -> 436.01 | X145: =V145-G145 -> 0.739 | Y145: =W145-H145 -> 436.01 | Z145: =SUMIF(KASA!$C$2:$C$9980, C145, KASA!$V$2:$V$9980) -> 590 | AA145: =Z145-W145 -> 153.99
